TL,Territory Level and Typology,REG_ID,Region,SERIES,SNA Classification,VAR,Indicator,MEAS,Measure,POS,Position,TIME,Year,Unit Code,Unit,PowerCode Code,PowerCode,Reference Period Code,Reference Period,Value,Flag Codes,Flags
1,Country,ITA,Italy,SNA_REF,Reference data,POP_AVG,Average annual population (data used for per capita measures),PER,Number of persons,ALL,All regions,2000,2000,,,0,Units,,,56942100,,
1,Country,ITA,Italy,SNA_REF,Reference data,POP_AVG,Average annual population (data used for per capita measures),PER,Number of persons,ALL,All regions,2001,2001,,,0,Units,,,56974100,,
1,Country,ITA,Italy,SNA_REF,Reference data,POP_AVG,Average annual population (data used for per capita measures),PER,Number of persons,ALL,All regions,2002,2002,,,0,Units,,,57059000,,
1,Country,ITA,Italy,SNA_REF,Reference data,POP_AVG,Average annual population (data used for per capita measures),PER,Number of persons,ALL,All regions,2003,2003,,,0,Units,,,57313200,,
1,Country,ITA,Italy,SNA_REF,Reference data,POP_AVG,Average annual population (data used for per capita measures),PER,Number of persons,ALL,All regions,2004,2004,,,0,Units,,,57685300,,
1,Country,ITA,Italy,SNA_REF,Reference data,POP_AVG,Average annual population (data used for per capita measures),PER,Number of persons,ALL,All regions,2005,2005,,,0,Units,,,57969500,,
1,Country,ITA,Italy,SNA_REF,Reference data,POP_AVG,Average annual population (data used for per capita measures),PER,Number of persons,ALL,All regions,2006,2006,,,0,Units,,,58144000,,
1,Country,ITA,Italy,SNA_REF,Reference data,POP_AVG,Average annual population (data used for per capita measures),PER,Number of persons,ALL,All regions,2007,2007,,,0,Units,,,58438300,,
1,Country,ITA,Italy,SNA_REF,Reference data,POP_AVG,Average annual population (data used for per capita measures),PER,Number of persons,ALL,All regions,2008,2008,,,0,Units,,,58826700,,
1,Country,ITA,Italy,SNA_REF,Reference data,POP_AVG,Average annual population (data used for per capita measures),PER,Number of persons,ALL,All regions,2009,2009,,,0,Units,,,59095400,,
1,Country,ITA,Italy,SNA_REF,Reference data,POP_AVG,Average annual population (data used for per capita measures),PER,Number of persons,ALL,All regions,2010,2010,,,0,Units,,,59277400,,
1,Country,ITA,Italy,SNA_REF,Reference data,POP_AVG,Average annual population (data used for per capita measures),PER,Number of persons,ALL,All regions,2011,2011,,,0,Units,,,59379500,,
1,Country,ITA,Italy,SNA_REF,Reference data,POP_AVG,Average annual population (data used for per capita measures),PER,Number of persons,ALL,All regions,2012,2012,,,0,Units,,,59539700,,
1,Country,ITA,Italy,SNA_REF,Reference data,POP_AVG,Average annual population (data used for per capita measures),PER,Number of persons,ALL,All regions,2013,2013,,,0,Units,,,60234000,,
2,Large regions (TL2),ITC1,Piedmont,SNA_REF,Reference data,POP_AVG,Average annual population (data used for per capita measures),PER,Number of persons,ALL,All regions,2000,2000,,,0,Units,,,4222250,,
2,Large regions (TL2),ITC1,Piedmont,SNA_REF,Reference data,POP_AVG,Average annual population (data used for per capita measures),PER,Number of persons,ALL,All regions,2001,2001,,,0,Units,,,4215760,,
2,Large regions (TL2),ITC1,Piedmont,SNA_REF,Reference data,POP_AVG,Average annual population (data used for per capita measures),PER,Number of persons,ALL,All regions,2002,2002,,,0,Units,,,4215740,,
2,Large regions (TL2),ITC1,Piedmont,SNA_REF,Reference data,POP_AVG,Average annual population (data used for per capita measures),PER,Number of persons,ALL,All regions,2003,2003,,,0,Units,,,4236920,,
2,Large regions (TL2),ITC1,Piedmont,SNA_REF,Reference data,POP_AVG,Average annual population (data used for per capita measures),PER,Number of persons,ALL,All regions,2004,2004,,,0,Units,,,4263280,,
2,Large regions (TL2),ITC1,Piedmont,SNA_REF,Reference data,POP_AVG,Average annual population (data used for per capita measures),PER,Number of persons,ALL,All regions,2005,2005,,,0,Units,,,4275810,,
2,Large regions (TL2),ITC1,Piedmont,SNA_REF,Reference data,POP_AVG,Average annual population (data used for per capita measures),PER,Number of persons,ALL,All regions,2006,2006,,,0,Units,,,4282490,,
2,Large regions (TL2),ITC1,Piedmont,SNA_REF,Reference data,POP_AVG,Average annual population (data used for per capita measures),PER,Number of persons,ALL,All regions,2007,2007,,,0,Units,,,4308770,,
2,Large regions (TL2),ITC1,Piedmont,SNA_REF,Reference data,POP_AVG,Average annual population (data used for per capita measures),PER,Number of persons,ALL,All regions,2008,2008,,,0,Units,,,4344200,,
2,Large regions (TL2),ITC1,Piedmont,SNA_REF,Reference data,POP_AVG,Average annual population (data used for per capita measures),PER,Number of persons,ALL,All regions,2009,2009,,,0,Units,,,4359180,,
2,Large regions (TL2),ITC1,Piedmont,SNA_REF,Reference data,POP_AVG,Average annual population (data used for per capita measures),PER,Number of persons,ALL,All regions,2010,2010,,,0,Units,,,4363180,,
2,Large regions (TL2),ITC1,Piedmont,SNA_REF,Reference data,POP_AVG,Average annual population (data used for per capita measures),PER,Number of persons,ALL,All regions,2011,2011,,,0,Units,,,4360990,,
2,Large regions (TL2),ITC1,Piedmont,SNA_REF,Reference data,POP_AVG,Average annual population (data used for per capita measures),PER,Number of persons,ALL,All regions,2012,2012,,,0,Units,,,4365860,,
2,Large regions (TL2),ITC1,Piedmont,SNA_REF,Reference data,POP_AVG,Average annual population (data used for per capita measures),PER,Number of persons,ALL,All regions,2013,2013,,,0,Units,,,4405430,,
2,Large regions (TL2),ITC2,Aosta Valley,SNA_REF,Reference data,POP_AVG,Average annual population (data used for per capita measures),PER,Number of persons,ALL,All regions,2000,2000,,,0,Units,,,119070,,
2,Large regions (TL2),ITC2,Aosta Valley,SNA_REF,Reference data,POP_AVG,Average annual population (data used for per capita measures),PER,Number of persons,ALL,All regions,2001,2001,,,0,Units,,,119310,,
2,Large regions (TL2),ITC2,Aosta Valley,SNA_REF,Reference data,POP_AVG,Average annual population (data used for per capita measures),PER,Number of persons,ALL,All regions,2002,2002,,,0,Units,,,119860,,
2,Large regions (TL2),ITC2,Aosta Valley,SNA_REF,Reference data,POP_AVG,Average annual population (data used for per capita measures),PER,Number of persons,ALL,All regions,2003,2003,,,0,Units,,,120960,,
2,Large regions (TL2),ITC2,Aosta Valley,SNA_REF,Reference data,POP_AVG,Average annual population (data used for per capita measures),PER,Number of persons,ALL,All regions,2004,2004,,,0,Units,,,122240,,
2,Large regions (TL2),ITC2,Aosta Valley,SNA_REF,Reference data,POP_AVG,Average annual population (data used for per capita measures),PER,Number of persons,ALL,All regions,2005,2005,,,0,Units,,,123450,,
2,Large regions (TL2),ITC2,Aosta Valley,SNA_REF,Reference data,POP_AVG,Average annual population (data used for per capita measures),PER,Number of persons,ALL,All regions,2006,2006,,,0,Units,,,124310,,
2,Large regions (TL2),ITC2,Aosta Valley,SNA_REF,Reference data,POP_AVG,Average annual population (data used for per capita measures),PER,Number of persons,ALL,All regions,2007,2007,,,0,Units,,,125100,,
2,Large regions (TL2),ITC2,Aosta Valley,SNA_REF,Reference data,POP_AVG,Average annual population (data used for per capita measures),PER,Number of persons,ALL,All regions,2008,2008,,,0,Units,,,125960,,
2,Large regions (TL2),ITC2,Aosta Valley,SNA_REF,Reference data,POP_AVG,Average annual population (data used for per capita measures),PER,Number of persons,ALL,All regions,2009,2009,,,0,Units,,,126530,,
2,Large regions (TL2),ITC2,Aosta Valley,SNA_REF,Reference data,POP_AVG,Average annual population (data used for per capita measures),PER,Number of persons,ALL,All regions,2010,2010,,,0,Units,,,126720,,
2,Large regions (TL2),ITC2,Aosta Valley,SNA_REF,Reference data,POP_AVG,Average annual population (data used for per capita measures),PER,Number of persons,ALL,All regions,2011,2011,,,0,Units,,,126690,,
2,Large regions (TL2),ITC2,Aosta Valley,SNA_REF,Reference data,POP_AVG,Average annual population (data used for per capita measures),PER,Number of persons,ALL,All regions,2012,2012,,,0,Units,,,127230,,
2,Large regions (TL2),ITC2,Aosta Valley,SNA_REF,Reference data,POP_AVG,Average annual population (data used for per capita measures),PER,Number of persons,ALL,All regions,2013,2013,,,0,Units,,,128220,,
2,Large regions (TL2),ITC3,Liguria,SNA_REF,Reference data,POP_AVG,Average annual population (data used for per capita measures),PER,Number of persons,ALL,All regions,2000,2000,,,0,Units,,,1583390,,
2,Large regions (TL2),ITC3,Liguria,SNA_REF,Reference data,POP_AVG,Average annual population (data used for per capita measures),PER,Number of persons,ALL,All regions,2001,2001,,,0,Units,,,1574390,,
2,Large regions (TL2),ITC3,Liguria,SNA_REF,Reference data,POP_AVG,Average annual population (data used for per capita measures),PER,Number of persons,ALL,All regions,2002,2002,,,0,Units,,,1567790,,
2,Large regions (TL2),ITC3,Liguria,SNA_REF,Reference data,POP_AVG,Average annual population (data used for per capita measures),PER,Number of persons,ALL,All regions,2003,2003,,,0,Units,,,1567400,,
2,Large regions (TL2),ITC3,Liguria,SNA_REF,Reference data,POP_AVG,Average annual population (data used for per capita measures),PER,Number of persons,ALL,All regions,2004,2004,,,0,Units,,,1572100,,
2,Large regions (TL2),ITC3,Liguria,SNA_REF,Reference data,POP_AVG,Average annual population (data used for per capita measures),PER,Number of persons,ALL,All regions,2005,2005,,,0,Units,,,1574670,,
2,Large regions (TL2),ITC3,Liguria,SNA_REF,Reference data,POP_AVG,Average annual population (data used for per capita measures),PER,Number of persons,ALL,All regions,2006,2006,,,0,Units,,,1573350,,
2,Large regions (TL2),ITC3,Liguria,SNA_REF,Reference data,POP_AVG,Average annual population (data used for per capita measures),PER,Number of persons,ALL,All regions,2007,2007,,,0,Units,,,1572940,,
2,Large regions (TL2),ITC3,Liguria,SNA_REF,Reference data,POP_AVG,Average annual population (data used for per capita measures),PER,Number of persons,ALL,All regions,2008,2008,,,0,Units,,,1575320,,
2,Large regions (TL2),ITC3,Liguria,SNA_REF,Reference data,POP_AVG,Average annual population (data used for per capita measures),PER,Number of persons,ALL,All regions,2009,2009,,,0,Units,,,1576870,,
2,Large regions (TL2),ITC3,Liguria,SNA_REF,Reference data,POP_AVG,Average annual population (data used for per capita measures),PER,Number of persons,ALL,All regions,2010,2010,,,0,Units,,,1575290,,
2,Large regions (TL2),ITC3,Liguria,SNA_REF,Reference data,POP_AVG,Average annual population (data used for per capita measures),PER,Number of persons,ALL,All regions,2011,2011,,,0,Units,,,1570740,,
2,Large regions (TL2),ITC3,Liguria,SNA_REF,Reference data,POP_AVG,Average annual population (data used for per capita measures),PER,Number of persons,ALL,All regions,2012,2012,,,0,Units,,,1566230,,
2,Large regions (TL2),ITC3,Liguria,SNA_REF,Reference data,POP_AVG,Average annual population (data used for per capita measures),PER,Number of persons,ALL,All regions,2013,2013,,,0,Units,,,1578530,,
2,Large regions (TL2),ITC4,Lombardy,SNA_REF,Reference data,POP_AVG,Average annual population (data used for per capita measures),PER,Number of persons,ALL,All regions,2000,2000,,,0,Units,,,8987620,,
2,Large regions (TL2),ITC4,Lombardy,SNA_REF,Reference data,POP_AVG,Average annual population (data used for per capita measures),PER,Number of persons,ALL,All regions,2001,2001,,,0,Units,,,9018550,,
2,Large regions (TL2),ITC4,Lombardy,SNA_REF,Reference data,POP_AVG,Average annual population (data used for per capita measures),PER,Number of persons,ALL,All regions,2002,2002,,,0,Units,,,9053330,,
2,Large regions (TL2),ITC4,Lombardy,SNA_REF,Reference data,POP_AVG,Average annual population (data used for per capita measures),PER,Number of persons,ALL,All regions,2003,2003,,,0,Units,,,9115420,,
2,Large regions (TL2),ITC4,Lombardy,SNA_REF,Reference data,POP_AVG,Average annual population (data used for per capita measures),PER,Number of persons,ALL,All regions,2004,2004,,,0,Units,,,9216920,,
2,Large regions (TL2),ITC4,Lombardy,SNA_REF,Reference data,POP_AVG,Average annual population (data used for per capita measures),PER,Number of persons,ALL,All regions,2005,2005,,,0,Units,,,9308930,,
2,Large regions (TL2),ITC4,Lombardy,SNA_REF,Reference data,POP_AVG,Average annual population (data used for per capita measures),PER,Number of persons,ALL,All regions,2006,2006,,,0,Units,,,9367600,,
2,Large regions (TL2),ITC4,Lombardy,SNA_REF,Reference data,POP_AVG,Average annual population (data used for per capita measures),PER,Number of persons,ALL,All regions,2007,2007,,,0,Units,,,9431900,,
2,Large regions (TL2),ITC4,Lombardy,SNA_REF,Reference data,POP_AVG,Average annual population (data used for per capita measures),PER,Number of persons,ALL,All regions,2008,2008,,,0,Units,,,9507680,,
2,Large regions (TL2),ITC4,Lombardy,SNA_REF,Reference data,POP_AVG,Average annual population (data used for per capita measures),PER,Number of persons,ALL,All regions,2009,2009,,,0,Units,,,9573230,,
2,Large regions (TL2),ITC4,Lombardy,SNA_REF,Reference data,POP_AVG,Average annual population (data used for per capita measures),PER,Number of persons,ALL,All regions,2010,2010,,,0,Units,,,9632410,,
2,Large regions (TL2),ITC4,Lombardy,SNA_REF,Reference data,POP_AVG,Average annual population (data used for per capita measures),PER,Number of persons,ALL,All regions,2011,2011,,,0,Units,,,9682380,,
2,Large regions (TL2),ITC4,Lombardy,SNA_REF,Reference data,POP_AVG,Average annual population (data used for per capita measures),PER,Number of persons,ALL,All regions,2012,2012,,,0,Units,,,9747700,,
2,Large regions (TL2),ITC4,Lombardy,SNA_REF,Reference data,POP_AVG,Average annual population (data used for per capita measures),PER,Number of persons,ALL,All regions,2013,2013,,,0,Units,,,9883960,,
2,Large regions (TL2),ITF1,Abruzzo,SNA_REF,Reference data,POP_AVG,Average annual population (data used for per capita measures),PER,Number of persons,ALL,All regions,2000,2000,,,0,Units,,,1261210,,
2,Large regions (TL2),ITF1,Abruzzo,SNA_REF,Reference data,POP_AVG,Average annual population (data used for per capita measures),PER,Number of persons,ALL,All regions,2001,2001,,,0,Units,,,1261650,,
2,Large regions (TL2),ITF1,Abruzzo,SNA_REF,Reference data,POP_AVG,Average annual population (data used for per capita measures),PER,Number of persons,ALL,All regions,2002,2002,,,0,Units,,,1263560,,
2,Large regions (TL2),ITF1,Abruzzo,SNA_REF,Reference data,POP_AVG,Average annual population (data used for per capita measures),PER,Number of persons,ALL,All regions,2003,2003,,,0,Units,,,1269560,,
2,Large regions (TL2),ITF1,Abruzzo,SNA_REF,Reference data,POP_AVG,Average annual population (data used for per capita measures),PER,Number of persons,ALL,All regions,2004,2004,,,0,Units,,,1277020,,
2,Large regions (TL2),ITF1,Abruzzo,SNA_REF,Reference data,POP_AVG,Average annual population (data used for per capita measures),PER,Number of persons,ALL,All regions,2005,2005,,,0,Units,,,1281940,,
2,Large regions (TL2),ITF1,Abruzzo,SNA_REF,Reference data,POP_AVG,Average annual population (data used for per capita measures),PER,Number of persons,ALL,All regions,2006,2006,,,0,Units,,,1284640,,
2,Large regions (TL2),ITF1,Abruzzo,SNA_REF,Reference data,POP_AVG,Average annual population (data used for per capita measures),PER,Number of persons,ALL,All regions,2007,2007,,,0,Units,,,1291720,,
2,Large regions (TL2),ITF1,Abruzzo,SNA_REF,Reference data,POP_AVG,Average annual population (data used for per capita measures),PER,Number of persons,ALL,All regions,2008,2008,,,0,Units,,,1302010,,
2,Large regions (TL2),ITF1,Abruzzo,SNA_REF,Reference data,POP_AVG,Average annual population (data used for per capita measures),PER,Number of persons,ALL,All regions,2009,2009,,,0,Units,,,1306900,,
2,Large regions (TL2),ITF1,Abruzzo,SNA_REF,Reference data,POP_AVG,Average annual population (data used for per capita measures),PER,Number of persons,ALL,All regions,2010,2010,,,0,Units,,,1307530,,
2,Large regions (TL2),ITF1,Abruzzo,SNA_REF,Reference data,POP_AVG,Average annual population (data used for per capita measures),PER,Number of persons,ALL,All regions,2011,2011,,,0,Units,,,1306840,,
2,Large regions (TL2),ITF1,Abruzzo,SNA_REF,Reference data,POP_AVG,Average annual population (data used for per capita measures),PER,Number of persons,ALL,All regions,2012,2012,,,0,Units,,,1309460,,
2,Large regions (TL2),ITF1,Abruzzo,SNA_REF,Reference data,POP_AVG,Average annual population (data used for per capita measures),PER,Number of persons,ALL,All regions,2013,2013,,,0,Units,,,1323220,,
2,Large regions (TL2),ITF2,Molise,SNA_REF,Reference data,POP_AVG,Average annual population (data used for per capita measures),PER,Number of persons,ALL,All regions,2000,2000,,,0,Units,,,322120,,
2,Large regions (TL2),ITF2,Molise,SNA_REF,Reference data,POP_AVG,Average annual population (data used for per capita measures),PER,Number of persons,ALL,All regions,2001,2001,,,0,Units,,,320810,,
2,Large regions (TL2),ITF2,Molise,SNA_REF,Reference data,POP_AVG,Average annual population (data used for per capita measures),PER,Number of persons,ALL,All regions,2002,2002,,,0,Units,,,320180,,
2,Large regions (TL2),ITF2,Molise,SNA_REF,Reference data,POP_AVG,Average annual population (data used for per capita measures),PER,Number of persons,ALL,All regions,2003,2003,,,0,Units,,,320190,,
2,Large regions (TL2),ITF2,Molise,SNA_REF,Reference data,POP_AVG,Average annual population (data used for per capita measures),PER,Number of persons,ALL,All regions,2004,2004,,,0,Units,,,319820,,
2,Large regions (TL2),ITF2,Molise,SNA_REF,Reference data,POP_AVG,Average annual population (data used for per capita measures),PER,Number of persons,ALL,All regions,2005,2005,,,0,Units,,,318890,,
2,Large regions (TL2),ITF2,Molise,SNA_REF,Reference data,POP_AVG,Average annual population (data used for per capita measures),PER,Number of persons,ALL,All regions,2006,2006,,,0,Units,,,317750,,
2,Large regions (TL2),ITF2,Molise,SNA_REF,Reference data,POP_AVG,Average annual population (data used for per capita measures),PER,Number of persons,ALL,All regions,2007,2007,,,0,Units,,,317430,,
2,Large regions (TL2),ITF2,Molise,SNA_REF,Reference data,POP_AVG,Average annual population (data used for per capita measures),PER,Number of persons,ALL,All regions,2008,2008,,,0,Units,,,317310,,
2,Large regions (TL2),ITF2,Molise,SNA_REF,Reference data,POP_AVG,Average annual population (data used for per capita measures),PER,Number of persons,ALL,All regions,2009,2009,,,0,Units,,,316250,,
2,Large regions (TL2),ITF2,Molise,SNA_REF,Reference data,POP_AVG,Average annual population (data used for per capita measures),PER,Number of persons,ALL,All regions,2010,2010,,,0,Units,,,314940,,
2,Large regions (TL2),ITF2,Molise,SNA_REF,Reference data,POP_AVG,Average annual population (data used for per capita measures),PER,Number of persons,ALL,All regions,2011,2011,,,0,Units,,,313740,,
2,Large regions (TL2),ITF2,Molise,SNA_REF,Reference data,POP_AVG,Average annual population (data used for per capita measures),PER,Number of persons,ALL,All regions,2012,2012,,,0,Units,,,313240,,
2,Large regions (TL2),ITF2,Molise,SNA_REF,Reference data,POP_AVG,Average annual population (data used for per capita measures),PER,Number of persons,ALL,All regions,2013,2013,,,0,Units,,,314030,,
2,Large regions (TL2),ITF3,Campania,SNA_REF,Reference data,POP_AVG,Average annual population (data used for per capita measures),PER,Number of persons,ALL,All regions,2000,2000,,,0,Units,,,5712920,,
2,Large regions (TL2),ITF3,Campania,SNA_REF,Reference data,POP_AVG,Average annual population (data used for per capita measures),PER,Number of persons,ALL,All regions,2001,2001,,,0,Units,,,5703720,,
2,Large regions (TL2),ITF3,Campania,SNA_REF,Reference data,POP_AVG,Average annual population (data used for per capita measures),PER,Number of persons,ALL,All regions,2002,2002,,,0,Units,,,5699300,,
2,Large regions (TL2),ITF3,Campania,SNA_REF,Reference data,POP_AVG,Average annual population (data used for per capita measures),PER,Number of persons,ALL,All regions,2003,2003,,,0,Units,,,5709910,,
2,Large regions (TL2),ITF3,Campania,SNA_REF,Reference data,POP_AVG,Average annual population (data used for per capita measures),PER,Number of persons,ALL,All regions,2004,2004,,,0,Units,,,5731760,,
2,Large regions (TL2),ITF3,Campania,SNA_REF,Reference data,POP_AVG,Average annual population (data used for per capita measures),PER,Number of persons,ALL,All regions,2005,2005,,,0,Units,,,5742200,,
2,Large regions (TL2),ITF3,Campania,SNA_REF,Reference data,POP_AVG,Average annual population (data used for per capita measures),PER,Number of persons,ALL,All regions,2006,2006,,,0,Units,,,5739630,,
2,Large regions (TL2),ITF3,Campania,SNA_REF,Reference data,POP_AVG,Average annual population (data used for per capita measures),PER,Number of persons,ALL,All regions,2007,2007,,,0,Units,,,5744080,,
2,Large regions (TL2),ITF3,Campania,SNA_REF,Reference data,POP_AVG,Average annual population (data used for per capita measures),PER,Number of persons,ALL,All regions,2008,2008,,,0,Units,,,5750330,,
2,Large regions (TL2),ITF3,Campania,SNA_REF,Reference data,POP_AVG,Average annual population (data used for per capita measures),PER,Number of persons,ALL,All regions,2009,2009,,,0,Units,,,5754380,,
2,Large regions (TL2),ITF3,Campania,SNA_REF,Reference data,POP_AVG,Average annual population (data used for per capita measures),PER,Number of persons,ALL,All regions,2010,2010,,,0,Units,,,5762110,,
2,Large regions (TL2),ITF3,Campania,SNA_REF,Reference data,POP_AVG,Average annual population (data used for per capita measures),PER,Number of persons,ALL,All regions,2011,2011,,,0,Units,,,5765140,,
2,Large regions (TL2),ITF3,Campania,SNA_REF,Reference data,POP_AVG,Average annual population (data used for per capita measures),PER,Number of persons,ALL,All regions,2012,2012,,,0,Units,,,5767090,,
2,Large regions (TL2),ITF3,Campania,SNA_REF,Reference data,POP_AVG,Average annual population (data used for per capita measures),PER,Number of persons,ALL,All regions,2013,2013,,,0,Units,,,5819860,,
2,Large regions (TL2),ITF4,Apulia,SNA_REF,Reference data,POP_AVG,Average annual population (data used for per capita measures),PER,Number of persons,ALL,All regions,2000,2000,,,0,Units,,,4030470,,
2,Large regions (TL2),ITF4,Apulia,SNA_REF,Reference data,POP_AVG,Average annual population (data used for per capita measures),PER,Number of persons,ALL,All regions,2001,2001,,,0,Units,,,4023060,,
2,Large regions (TL2),ITF4,Apulia,SNA_REF,Reference data,POP_AVG,Average annual population (data used for per capita measures),PER,Number of persons,ALL,All regions,2002,2002,,,0,Units,,,4020050,,
2,Large regions (TL2),ITF4,Apulia,SNA_REF,Reference data,POP_AVG,Average annual population (data used for per capita measures),PER,Number of persons,ALL,All regions,2003,2003,,,0,Units,,,4022410,,
2,Large regions (TL2),ITF4,Apulia,SNA_REF,Reference data,POP_AVG,Average annual population (data used for per capita measures),PER,Number of persons,ALL,All regions,2004,2004,,,0,Units,,,4028950,,
2,Large regions (TL2),ITF4,Apulia,SNA_REF,Reference data,POP_AVG,Average annual population (data used for per capita measures),PER,Number of persons,ALL,All regions,2005,2005,,,0,Units,,,4033270,,
2,Large regions (TL2),ITF4,Apulia,SNA_REF,Reference data,POP_AVG,Average annual population (data used for per capita measures),PER,Number of persons,ALL,All regions,2006,2006,,,0,Units,,,4032770,,
2,Large regions (TL2),ITF4,Apulia,SNA_REF,Reference data,POP_AVG,Average annual population (data used for per capita measures),PER,Number of persons,ALL,All regions,2007,2007,,,0,Units,,,4036380,,
2,Large regions (TL2),ITF4,Apulia,SNA_REF,Reference data,POP_AVG,Average annual population (data used for per capita measures),PER,Number of persons,ALL,All regions,2008,2008,,,0,Units,,,4042230,,
2,Large regions (TL2),ITF4,Apulia,SNA_REF,Reference data,POP_AVG,Average annual population (data used for per capita measures),PER,Number of persons,ALL,All regions,2009,2009,,,0,Units,,,4045920,,
2,Large regions (TL2),ITF4,Apulia,SNA_REF,Reference data,POP_AVG,Average annual population (data used for per capita measures),PER,Number of persons,ALL,All regions,2010,2010,,,0,Units,,,4050840,,
2,Large regions (TL2),ITF4,Apulia,SNA_REF,Reference data,POP_AVG,Average annual population (data used for per capita measures),PER,Number of persons,ALL,All regions,2011,2011,,,0,Units,,,4051870,,
2,Large regions (TL2),ITF4,Apulia,SNA_REF,Reference data,POP_AVG,Average annual population (data used for per capita measures),PER,Number of persons,ALL,All regions,2012,2012,,,0,Units,,,4050440,,
2,Large regions (TL2),ITF4,Apulia,SNA_REF,Reference data,POP_AVG,Average annual population (data used for per capita measures),PER,Number of persons,ALL,All regions,2013,2013,,,0,Units,,,4070530,,
2,Large regions (TL2),ITF5,Basilicata,SNA_REF,Reference data,POP_AVG,Average annual population (data used for per capita measures),PER,Number of persons,ALL,All regions,2000,2000,,,0,Units,,,600400,,
2,Large regions (TL2),ITF5,Basilicata,SNA_REF,Reference data,POP_AVG,Average annual population (data used for per capita measures),PER,Number of persons,ALL,All regions,2001,2001,,,0,Units,,,598260,,
2,Large regions (TL2),ITF5,Basilicata,SNA_REF,Reference data,POP_AVG,Average annual population (data used for per capita measures),PER,Number of persons,ALL,All regions,2002,2002,,,0,Units,,,596100,,
2,Large regions (TL2),ITF5,Basilicata,SNA_REF,Reference data,POP_AVG,Average annual population (data used for per capita measures),PER,Number of persons,ALL,All regions,2003,2003,,,0,Units,,,594600,,
2,Large regions (TL2),ITF5,Basilicata,SNA_REF,Reference data,POP_AVG,Average annual population (data used for per capita measures),PER,Number of persons,ALL,All regions,2004,2004,,,0,Units,,,593390,,
2,Large regions (TL2),ITF5,Basilicata,SNA_REF,Reference data,POP_AVG,Average annual population (data used for per capita measures),PER,Number of persons,ALL,All regions,2005,2005,,,0,Units,,,591070,,
2,Large regions (TL2),ITF5,Basilicata,SNA_REF,Reference data,POP_AVG,Average annual population (data used for per capita measures),PER,Number of persons,ALL,All regions,2006,2006,,,0,Units,,,587610,,
2,Large regions (TL2),ITF5,Basilicata,SNA_REF,Reference data,POP_AVG,Average annual population (data used for per capita measures),PER,Number of persons,ALL,All regions,2007,2007,,,0,Units,,,585300,,
2,Large regions (TL2),ITF5,Basilicata,SNA_REF,Reference data,POP_AVG,Average annual population (data used for per capita measures),PER,Number of persons,ALL,All regions,2008,2008,,,0,Units,,,584210,,
2,Large regions (TL2),ITF5,Basilicata,SNA_REF,Reference data,POP_AVG,Average annual population (data used for per capita measures),PER,Number of persons,ALL,All regions,2009,2009,,,0,Units,,,582350,,
2,Large regions (TL2),ITF5,Basilicata,SNA_REF,Reference data,POP_AVG,Average annual population (data used for per capita measures),PER,Number of persons,ALL,All regions,2010,2010,,,0,Units,,,580250,,
2,Large regions (TL2),ITF5,Basilicata,SNA_REF,Reference data,POP_AVG,Average annual population (data used for per capita measures),PER,Number of persons,ALL,All regions,2011,2011,,,0,Units,,,578460,,
2,Large regions (TL2),ITF5,Basilicata,SNA_REF,Reference data,POP_AVG,Average annual population (data used for per capita measures),PER,Number of persons,ALL,All regions,2012,2012,,,0,Units,,,576880,,
2,Large regions (TL2),ITF5,Basilicata,SNA_REF,Reference data,POP_AVG,Average annual population (data used for per capita measures),PER,Number of persons,ALL,All regions,2013,2013,,,0,Units,,,577290,,
2,Large regions (TL2),ITF6,Calabria,SNA_REF,Reference data,POP_AVG,Average annual population (data used for per capita measures),PER,Number of persons,ALL,All regions,2000,2000,,,0,Units,,,2023660,,
2,Large regions (TL2),ITF6,Calabria,SNA_REF,Reference data,POP_AVG,Average annual population (data used for per capita measures),PER,Number of persons,ALL,All regions,2001,2001,,,0,Units,,,2013380,,
2,Large regions (TL2),ITF6,Calabria,SNA_REF,Reference data,POP_AVG,Average annual population (data used for per capita measures),PER,Number of persons,ALL,All regions,2002,2002,,,0,Units,,,2003550,,
2,Large regions (TL2),ITF6,Calabria,SNA_REF,Reference data,POP_AVG,Average annual population (data used for per capita measures),PER,Number of persons,ALL,All regions,2003,2003,,,0,Units,,,1998930,,
2,Large regions (TL2),ITF6,Calabria,SNA_REF,Reference data,POP_AVG,Average annual population (data used for per capita measures),PER,Number of persons,ALL,All regions,2004,2004,,,0,Units,,,1994150,,
2,Large regions (TL2),ITF6,Calabria,SNA_REF,Reference data,POP_AVG,Average annual population (data used for per capita measures),PER,Number of persons,ALL,All regions,2005,2005,,,0,Units,,,1983950,,
2,Large regions (TL2),ITF6,Calabria,SNA_REF,Reference data,POP_AVG,Average annual population (data used for per capita measures),PER,Number of persons,ALL,All regions,2006,2006,,,0,Units,,,1973010,,
2,Large regions (TL2),ITF6,Calabria,SNA_REF,Reference data,POP_AVG,Average annual population (data used for per capita measures),PER,Number of persons,ALL,All regions,2007,2007,,,0,Units,,,1970850,,
2,Large regions (TL2),ITF6,Calabria,SNA_REF,Reference data,POP_AVG,Average annual population (data used for per capita measures),PER,Number of persons,ALL,All regions,2008,2008,,,0,Units,,,1972420,,
2,Large regions (TL2),ITF6,Calabria,SNA_REF,Reference data,POP_AVG,Average annual population (data used for per capita measures),PER,Number of persons,ALL,All regions,2009,2009,,,0,Units,,,1968560,,
2,Large regions (TL2),ITF6,Calabria,SNA_REF,Reference data,POP_AVG,Average annual population (data used for per capita measures),PER,Number of persons,ALL,All regions,2010,2010,,,0,Units,,,1964600,,
2,Large regions (TL2),ITF6,Calabria,SNA_REF,Reference data,POP_AVG,Average annual population (data used for per capita measures),PER,Number of persons,ALL,All regions,2011,2011,,,0,Units,,,1960640,,
2,Large regions (TL2),ITF6,Calabria,SNA_REF,Reference data,POP_AVG,Average annual population (data used for per capita measures),PER,Number of persons,ALL,All regions,2012,2012,,,0,Units,,,1958330,,
2,Large regions (TL2),ITF6,Calabria,SNA_REF,Reference data,POP_AVG,Average annual population (data used for per capita measures),PER,Number of persons,ALL,All regions,2013,2013,,,0,Units,,,1969390,,
2,Large regions (TL2),ITG1,Sicily,SNA_REF,Reference data,POP_AVG,Average annual population (data used for per capita measures),PER,Number of persons,ALL,All regions,2000,2000,,,0,Units,,,4986250,,
2,Large regions (TL2),ITG1,Sicily,SNA_REF,Reference data,POP_AVG,Average annual population (data used for per capita measures),PER,Number of persons,ALL,All regions,2001,2001,,,0,Units,,,4972400,,
2,Large regions (TL2),ITG1,Sicily,SNA_REF,Reference data,POP_AVG,Average annual population (data used for per capita measures),PER,Number of persons,ALL,All regions,2002,2002,,,0,Units,,,4963130,,
2,Large regions (TL2),ITG1,Sicily,SNA_REF,Reference data,POP_AVG,Average annual population (data used for per capita measures),PER,Number of persons,ALL,All regions,2003,2003,,,0,Units,,,4962580,,
2,Large regions (TL2),ITG1,Sicily,SNA_REF,Reference data,POP_AVG,Average annual population (data used for per capita measures),PER,Number of persons,ALL,All regions,2004,2004,,,0,Units,,,4967130,,
2,Large regions (TL2),ITG1,Sicily,SNA_REF,Reference data,POP_AVG,Average annual population (data used for per capita measures),PER,Number of persons,ALL,All regions,2005,2005,,,0,Units,,,4968890,,
2,Large regions (TL2),ITG1,Sicily,SNA_REF,Reference data,POP_AVG,Average annual population (data used for per capita measures),PER,Number of persons,ALL,All regions,2006,2006,,,0,Units,,,4968570,,
2,Large regions (TL2),ITG1,Sicily,SNA_REF,Reference data,POP_AVG,Average annual population (data used for per capita measures),PER,Number of persons,ALL,All regions,2007,2007,,,0,Units,,,4974750,,
2,Large regions (TL2),ITG1,Sicily,SNA_REF,Reference data,POP_AVG,Average annual population (data used for per capita measures),PER,Number of persons,ALL,All regions,2008,2008,,,0,Units,,,4986060,,
2,Large regions (TL2),ITG1,Sicily,SNA_REF,Reference data,POP_AVG,Average annual population (data used for per capita measures),PER,Number of persons,ALL,All regions,2009,2009,,,0,Units,,,4994010,,
2,Large regions (TL2),ITG1,Sicily,SNA_REF,Reference data,POP_AVG,Average annual population (data used for per capita measures),PER,Number of persons,ALL,All regions,2010,2010,,,0,Units,,,5001540,,
2,Large regions (TL2),ITG1,Sicily,SNA_REF,Reference data,POP_AVG,Average annual population (data used for per capita measures),PER,Number of persons,ALL,All regions,2011,2011,,,0,Units,,,5002760,,
2,Large regions (TL2),ITG1,Sicily,SNA_REF,Reference data,POP_AVG,Average annual population (data used for per capita measures),PER,Number of persons,ALL,All regions,2012,2012,,,0,Units,,,4999890,,
2,Large regions (TL2),ITG1,Sicily,SNA_REF,Reference data,POP_AVG,Average annual population (data used for per capita measures),PER,Number of persons,ALL,All regions,2013,2013,,,0,Units,,,5047430,,
2,Large regions (TL2),ITG2,Sardinia,SNA_REF,Reference data,POP_AVG,Average annual population (data used for per capita measures),PER,Number of persons,ALL,All regions,2000,2000,,,0,Units,,,1636680,,
2,Large regions (TL2),ITG2,Sardinia,SNA_REF,Reference data,POP_AVG,Average annual population (data used for per capita measures),PER,Number of persons,ALL,All regions,2001,2001,,,0,Units,,,1632340,,
2,Large regions (TL2),ITG2,Sardinia,SNA_REF,Reference data,POP_AVG,Average annual population (data used for per capita measures),PER,Number of persons,ALL,All regions,2002,2002,,,0,Units,,,1630080,,
2,Large regions (TL2),ITG2,Sardinia,SNA_REF,Reference data,POP_AVG,Average annual population (data used for per capita measures),PER,Number of persons,ALL,All regions,2003,2003,,,0,Units,,,1630850,,
2,Large regions (TL2),ITG2,Sardinia,SNA_REF,Reference data,POP_AVG,Average annual population (data used for per capita measures),PER,Number of persons,ALL,All regions,2004,2004,,,0,Units,,,1632060,,
2,Large regions (TL2),ITG2,Sardinia,SNA_REF,Reference data,POP_AVG,Average annual population (data used for per capita measures),PER,Number of persons,ALL,All regions,2005,2005,,,0,Units,,,1633360,,
2,Large regions (TL2),ITG2,Sardinia,SNA_REF,Reference data,POP_AVG,Average annual population (data used for per capita measures),PER,Number of persons,ALL,All regions,2006,2006,,,0,Units,,,1634840,,
2,Large regions (TL2),ITG2,Sardinia,SNA_REF,Reference data,POP_AVG,Average annual population (data used for per capita measures),PER,Number of persons,ALL,All regions,2007,2007,,,0,Units,,,1637710,,
2,Large regions (TL2),ITG2,Sardinia,SNA_REF,Reference data,POP_AVG,Average annual population (data used for per capita measures),PER,Number of persons,ALL,All regions,2008,2008,,,0,Units,,,1641170,,
2,Large regions (TL2),ITG2,Sardinia,SNA_REF,Reference data,POP_AVG,Average annual population (data used for per capita measures),PER,Number of persons,ALL,All regions,2009,2009,,,0,Units,,,1641970,,
2,Large regions (TL2),ITG2,Sardinia,SNA_REF,Reference data,POP_AVG,Average annual population (data used for per capita measures),PER,Number of persons,ALL,All regions,2010,2010,,,0,Units,,,1641510,,
2,Large regions (TL2),ITG2,Sardinia,SNA_REF,Reference data,POP_AVG,Average annual population (data used for per capita measures),PER,Number of persons,ALL,All regions,2011,2011,,,0,Units,,,1639760,,
2,Large regions (TL2),ITG2,Sardinia,SNA_REF,Reference data,POP_AVG,Average annual population (data used for per capita measures),PER,Number of persons,ALL,All regions,2012,2012,,,0,Units,,,1639110,,
2,Large regions (TL2),ITG2,Sardinia,SNA_REF,Reference data,POP_AVG,Average annual population (data used for per capita measures),PER,Number of persons,ALL,All regions,2013,2013,,,0,Units,,,1652120,,
2,Large regions (TL2),ITH1,Province of Bolzano-Bozen,SNA_REF,Reference data,POP_AVG,Average annual population (data used for per capita measures),PER,Number of persons,ALL,All regions,2000,2000,,,0,Units,,,459830,,
2,Large regions (TL2),ITH1,Province of Bolzano-Bozen,SNA_REF,Reference data,POP_AVG,Average annual population (data used for per capita measures),PER,Number of persons,ALL,All regions,2001,2001,,,0,Units,,,461960,,
2,Large regions (TL2),ITH1,Province of Bolzano-Bozen,SNA_REF,Reference data,POP_AVG,Average annual population (data used for per capita measures),PER,Number of persons,ALL,All regions,2002,2002,,,0,Units,,,464760,,
2,Large regions (TL2),ITH1,Province of Bolzano-Bozen,SNA_REF,Reference data,POP_AVG,Average annual population (data used for per capita measures),PER,Number of persons,ALL,All regions,2003,2003,,,0,Units,,,468400,,
2,Large regions (TL2),ITH1,Province of Bolzano-Bozen,SNA_REF,Reference data,POP_AVG,Average annual population (data used for per capita measures),PER,Number of persons,ALL,All regions,2004,2004,,,0,Units,,,472340,,
2,Large regions (TL2),ITH1,Province of Bolzano-Bozen,SNA_REF,Reference data,POP_AVG,Average annual population (data used for per capita measures),PER,Number of persons,ALL,All regions,2005,2005,,,0,Units,,,476960,,
2,Large regions (TL2),ITH1,Province of Bolzano-Bozen,SNA_REF,Reference data,POP_AVG,Average annual population (data used for per capita measures),PER,Number of persons,ALL,All regions,2006,2006,,,0,Units,,,481820,,
2,Large regions (TL2),ITH1,Province of Bolzano-Bozen,SNA_REF,Reference data,POP_AVG,Average annual population (data used for per capita measures),PER,Number of persons,ALL,All regions,2007,2007,,,0,Units,,,487160,,
2,Large regions (TL2),ITH1,Province of Bolzano-Bozen,SNA_REF,Reference data,POP_AVG,Average annual population (data used for per capita measures),PER,Number of persons,ALL,All regions,2008,2008,,,0,Units,,,492300,,
2,Large regions (TL2),ITH1,Province of Bolzano-Bozen,SNA_REF,Reference data,POP_AVG,Average annual population (data used for per capita measures),PER,Number of persons,ALL,All regions,2009,2009,,,0,Units,,,496440,,
2,Large regions (TL2),ITH1,Province of Bolzano-Bozen,SNA_REF,Reference data,POP_AVG,Average annual population (data used for per capita measures),PER,Number of persons,ALL,All regions,2010,2010,,,0,Units,,,500070,,
2,Large regions (TL2),ITH1,Province of Bolzano-Bozen,SNA_REF,Reference data,POP_AVG,Average annual population (data used for per capita measures),PER,Number of persons,ALL,All regions,2011,2011,,,0,Units,,,503260,,
2,Large regions (TL2),ITH1,Province of Bolzano-Bozen,SNA_REF,Reference data,POP_AVG,Average annual population (data used for per capita measures),PER,Number of persons,ALL,All regions,2012,2012,,,0,Units,,,507170,,
2,Large regions (TL2),ITH1,Province of Bolzano-Bozen,SNA_REF,Reference data,POP_AVG,Average annual population (data used for per capita measures),PER,Number of persons,ALL,All regions,2013,2013,,,0,Units,,,512670,,
2,Large regions (TL2),ITH2,Province of Trento,SNA_REF,Reference data,POP_AVG,Average annual population (data used for per capita measures),PER,Number of persons,ALL,All regions,2000,2000,,,0,Units,,,472410,,
2,Large regions (TL2),ITH2,Province of Trento,SNA_REF,Reference data,POP_AVG,Average annual population (data used for per capita measures),PER,Number of persons,ALL,All regions,2001,2001,,,0,Units,,,475550,,
2,Large regions (TL2),ITH2,Province of Trento,SNA_REF,Reference data,POP_AVG,Average annual population (data used for per capita measures),PER,Number of persons,ALL,All regions,2002,2002,,,0,Units,,,479070,,
2,Large regions (TL2),ITH2,Province of Trento,SNA_REF,Reference data,POP_AVG,Average annual population (data used for per capita measures),PER,Number of persons,ALL,All regions,2003,2003,,,0,Units,,,484370,,
2,Large regions (TL2),ITH2,Province of Trento,SNA_REF,Reference data,POP_AVG,Average annual population (data used for per capita measures),PER,Number of persons,ALL,All regions,2004,2004,,,0,Units,,,490650,,
2,Large regions (TL2),ITH2,Province of Trento,SNA_REF,Reference data,POP_AVG,Average annual population (data used for per capita measures),PER,Number of persons,ALL,All regions,2005,2005,,,0,Units,,,496220,,
2,Large regions (TL2),ITH2,Province of Trento,SNA_REF,Reference data,POP_AVG,Average annual population (data used for per capita measures),PER,Number of persons,ALL,All regions,2006,2006,,,0,Units,,,500840,,
2,Large regions (TL2),ITH2,Province of Trento,SNA_REF,Reference data,POP_AVG,Average annual population (data used for per capita measures),PER,Number of persons,ALL,All regions,2007,2007,,,0,Units,,,506130,,
2,Large regions (TL2),ITH2,Province of Trento,SNA_REF,Reference data,POP_AVG,Average annual population (data used for per capita measures),PER,Number of persons,ALL,All regions,2008,2008,,,0,Units,,,512000,,
2,Large regions (TL2),ITH2,Province of Trento,SNA_REF,Reference data,POP_AVG,Average annual population (data used for per capita measures),PER,Number of persons,ALL,All regions,2009,2009,,,0,Units,,,516840,,
2,Large regions (TL2),ITH2,Province of Trento,SNA_REF,Reference data,POP_AVG,Average annual population (data used for per capita measures),PER,Number of persons,ALL,All regions,2010,2010,,,0,Units,,,520640,,
2,Large regions (TL2),ITH2,Province of Trento,SNA_REF,Reference data,POP_AVG,Average annual population (data used for per capita measures),PER,Number of persons,ALL,All regions,2011,2011,,,0,Units,,,523680,,
2,Large regions (TL2),ITH2,Province of Trento,SNA_REF,Reference data,POP_AVG,Average annual population (data used for per capita measures),PER,Number of persons,ALL,All regions,2012,2012,,,0,Units,,,527590,,
2,Large regions (TL2),ITH2,Province of Trento,SNA_REF,Reference data,POP_AVG,Average annual population (data used for per capita measures),PER,Number of persons,ALL,All regions,2013,2013,,,0,Units,,,533270,,
2,Large regions (TL2),ITH3,Veneto,SNA_REF,Reference data,POP_AVG,Average annual population (data used for per capita measures),PER,Number of persons,ALL,All regions,2000,2000,,,0,Units,,,4496820,,
2,Large regions (TL2),ITH3,Veneto,SNA_REF,Reference data,POP_AVG,Average annual population (data used for per capita measures),PER,Number of persons,ALL,All regions,2001,2001,,,0,Units,,,4518790,,
2,Large regions (TL2),ITH3,Veneto,SNA_REF,Reference data,POP_AVG,Average annual population (data used for per capita measures),PER,Number of persons,ALL,All regions,2002,2002,,,0,Units,,,4545590,,
2,Large regions (TL2),ITH3,Veneto,SNA_REF,Reference data,POP_AVG,Average annual population (data used for per capita measures),PER,Number of persons,ALL,All regions,2003,2003,,,0,Units,,,4590600,,
2,Large regions (TL2),ITH3,Veneto,SNA_REF,Reference data,POP_AVG,Average annual population (data used for per capita measures),PER,Number of persons,ALL,All regions,2004,2004,,,0,Units,,,4644210,,
2,Large regions (TL2),ITH3,Veneto,SNA_REF,Reference data,POP_AVG,Average annual population (data used for per capita measures),PER,Number of persons,ALL,All regions,2005,2005,,,0,Units,,,4685680,,
2,Large regions (TL2),ITH3,Veneto,SNA_REF,Reference data,POP_AVG,Average annual population (data used for per capita measures),PER,Number of persons,ALL,All regions,2006,2006,,,0,Units,,,4715430,,
2,Large regions (TL2),ITH3,Veneto,SNA_REF,Reference data,POP_AVG,Average annual population (data used for per capita measures),PER,Number of persons,ALL,All regions,2007,2007,,,0,Units,,,4756120,,
2,Large regions (TL2),ITH3,Veneto,SNA_REF,Reference data,POP_AVG,Average annual population (data used for per capita measures),PER,Number of persons,ALL,All regions,2008,2008,,,0,Units,,,4805470,,
2,Large regions (TL2),ITH3,Veneto,SNA_REF,Reference data,POP_AVG,Average annual population (data used for per capita measures),PER,Number of persons,ALL,All regions,2009,2009,,,0,Units,,,4834780,,
2,Large regions (TL2),ITH3,Veneto,SNA_REF,Reference data,POP_AVG,Average annual population (data used for per capita measures),PER,Number of persons,ALL,All regions,2010,2010,,,0,Units,,,4846950,,
2,Large regions (TL2),ITH3,Veneto,SNA_REF,Reference data,POP_AVG,Average annual population (data used for per capita measures),PER,Number of persons,ALL,All regions,2011,2011,,,0,Units,,,4852810,,
2,Large regions (TL2),ITH3,Veneto,SNA_REF,Reference data,POP_AVG,Average annual population (data used for per capita measures),PER,Number of persons,ALL,All regions,2012,2012,,,0,Units,,,4867710,,
2,Large regions (TL2),ITH3,Veneto,SNA_REF,Reference data,POP_AVG,Average annual population (data used for per capita measures),PER,Number of persons,ALL,All regions,2013,2013,,,0,Units,,,4904290,,
2,Large regions (TL2),ITH4,Friuli-Venezia Giulia,SNA_REF,Reference data,POP_AVG,Average annual population (data used for per capita measures),PER,Number of persons,ALL,All regions,2000,2000,,,0,Units,,,1179750,,
2,Large regions (TL2),ITH4,Friuli-Venezia Giulia,SNA_REF,Reference data,POP_AVG,Average annual population (data used for per capita measures),PER,Number of persons,ALL,All regions,2001,2001,,,0,Units,,,1182340,,
2,Large regions (TL2),ITH4,Friuli-Venezia Giulia,SNA_REF,Reference data,POP_AVG,Average annual population (data used for per capita measures),PER,Number of persons,ALL,All regions,2002,2002,,,0,Units,,,1185980,,
2,Large regions (TL2),ITH4,Friuli-Venezia Giulia,SNA_REF,Reference data,POP_AVG,Average annual population (data used for per capita measures),PER,Number of persons,ALL,All regions,2003,2003,,,0,Units,,,1191460,,
2,Large regions (TL2),ITH4,Friuli-Venezia Giulia,SNA_REF,Reference data,POP_AVG,Average annual population (data used for per capita measures),PER,Number of persons,ALL,All regions,2004,2004,,,0,Units,,,1196810,,
2,Large regions (TL2),ITH4,Friuli-Venezia Giulia,SNA_REF,Reference data,POP_AVG,Average annual population (data used for per capita measures),PER,Number of persons,ALL,All regions,2005,2005,,,0,Units,,,1200370,,
2,Large regions (TL2),ITH4,Friuli-Venezia Giulia,SNA_REF,Reference data,POP_AVG,Average annual population (data used for per capita measures),PER,Number of persons,ALL,All regions,2006,2006,,,0,Units,,,1203560,,
2,Large regions (TL2),ITH4,Friuli-Venezia Giulia,SNA_REF,Reference data,POP_AVG,Average annual population (data used for per capita measures),PER,Number of persons,ALL,All regions,2007,2007,,,0,Units,,,1209970,,
2,Large regions (TL2),ITH4,Friuli-Venezia Giulia,SNA_REF,Reference data,POP_AVG,Average annual population (data used for per capita measures),PER,Number of persons,ALL,All regions,2008,2008,,,0,Units,,,1217870,,
2,Large regions (TL2),ITH4,Friuli-Venezia Giulia,SNA_REF,Reference data,POP_AVG,Average annual population (data used for per capita measures),PER,Number of persons,ALL,All regions,2009,2009,,,0,Units,,,1221480,,
2,Large regions (TL2),ITH4,Friuli-Venezia Giulia,SNA_REF,Reference data,POP_AVG,Average annual population (data used for per capita measures),PER,Number of persons,ALL,All regions,2010,2010,,,0,Units,,,1221210,,
2,Large regions (TL2),ITH4,Friuli-Venezia Giulia,SNA_REF,Reference data,POP_AVG,Average annual population (data used for per capita measures),PER,Number of persons,ALL,All regions,2011,2011,,,0,Units,,,1219310,,
2,Large regions (TL2),ITH4,Friuli-Venezia Giulia,SNA_REF,Reference data,POP_AVG,Average annual population (data used for per capita measures),PER,Number of persons,ALL,All regions,2012,2012,,,0,Units,,,1219820,,
2,Large regions (TL2),ITH4,Friuli-Venezia Giulia,SNA_REF,Reference data,POP_AVG,Average annual population (data used for per capita measures),PER,Number of persons,ALL,All regions,2013,2013,,,0,Units,,,1225610,,
2,Large regions (TL2),ITH5,Emilia-Romagna,SNA_REF,Reference data,POP_AVG,Average annual population (data used for per capita measures),PER,Number of persons,ALL,All regions,2000,2000,,,0,Units,,,3964490,,
2,Large regions (TL2),ITH5,Emilia-Romagna,SNA_REF,Reference data,POP_AVG,Average annual population (data used for per capita measures),PER,Number of persons,ALL,All regions,2001,2001,,,0,Units,,,3993090,,
2,Large regions (TL2),ITH5,Emilia-Romagna,SNA_REF,Reference data,POP_AVG,Average annual population (data used for per capita measures),PER,Number of persons,ALL,All regions,2002,2002,,,0,Units,,,4016280,,
2,Large regions (TL2),ITH5,Emilia-Romagna,SNA_REF,Reference data,POP_AVG,Average annual population (data used for per capita measures),PER,Number of persons,ALL,All regions,2003,2003,,,0,Units,,,4051110,,
2,Large regions (TL2),ITH5,Emilia-Romagna,SNA_REF,Reference data,POP_AVG,Average annual population (data used for per capita measures),PER,Number of persons,ALL,All regions,2004,2004,,,0,Units,,,4094860,,
2,Large regions (TL2),ITH5,Emilia-Romagna,SNA_REF,Reference data,POP_AVG,Average annual population (data used for per capita measures),PER,Number of persons,ALL,All regions,2005,2005,,,0,Units,,,4132110,,
2,Large regions (TL2),ITH5,Emilia-Romagna,SNA_REF,Reference data,POP_AVG,Average annual population (data used for per capita measures),PER,Number of persons,ALL,All regions,2006,2006,,,0,Units,,,4160920,,
2,Large regions (TL2),ITH5,Emilia-Romagna,SNA_REF,Reference data,POP_AVG,Average annual population (data used for per capita measures),PER,Number of persons,ALL,All regions,2007,2007,,,0,Units,,,4198810,,
2,Large regions (TL2),ITH5,Emilia-Romagna,SNA_REF,Reference data,POP_AVG,Average annual population (data used for per capita measures),PER,Number of persons,ALL,All regions,2008,2008,,,0,Units,,,4249850,,
2,Large regions (TL2),ITH5,Emilia-Romagna,SNA_REF,Reference data,POP_AVG,Average annual population (data used for per capita measures),PER,Number of persons,ALL,All regions,2009,2009,,,0,Units,,,4291910,,
2,Large regions (TL2),ITH5,Emilia-Romagna,SNA_REF,Reference data,POP_AVG,Average annual population (data used for per capita measures),PER,Number of persons,ALL,All regions,2010,2010,,,0,Units,,,4319010,,
2,Large regions (TL2),ITH5,Emilia-Romagna,SNA_REF,Reference data,POP_AVG,Average annual population (data used for per capita measures),PER,Number of persons,ALL,All regions,2011,2011,,,0,Units,,,4336290,,
2,Large regions (TL2),ITH5,Emilia-Romagna,SNA_REF,Reference data,POP_AVG,Average annual population (data used for per capita measures),PER,Number of persons,ALL,All regions,2012,2012,,,0,Units,,,4359360,,
2,Large regions (TL2),ITH5,Emilia-Romagna,SNA_REF,Reference data,POP_AVG,Average annual population (data used for per capita measures),PER,Number of persons,ALL,All regions,2013,2013,,,0,Units,,,4411920,,
2,Large regions (TL2),ITI1,Tuscany,SNA_REF,Reference data,POP_AVG,Average annual population (data used for per capita measures),PER,Number of persons,ALL,All regions,2000,2000,,,0,Units,,,3493220,,
2,Large regions (TL2),ITI1,Tuscany,SNA_REF,Reference data,POP_AVG,Average annual population (data used for per capita measures),PER,Number of persons,ALL,All regions,2001,2001,,,0,Units,,,3496680,,
2,Large regions (TL2),ITI1,Tuscany,SNA_REF,Reference data,POP_AVG,Average annual population (data used for per capita measures),PER,Number of persons,ALL,All regions,2002,2002,,,0,Units,,,3502810,,
2,Large regions (TL2),ITI1,Tuscany,SNA_REF,Reference data,POP_AVG,Average annual population (data used for per capita measures),PER,Number of persons,ALL,All regions,2003,2003,,,0,Units,,,3519480,,
2,Large regions (TL2),ITI1,Tuscany,SNA_REF,Reference data,POP_AVG,Average annual population (data used for per capita measures),PER,Number of persons,ALL,All regions,2004,2004,,,0,Units,,,3544700,,
2,Large regions (TL2),ITI1,Tuscany,SNA_REF,Reference data,POP_AVG,Average annual population (data used for per capita measures),PER,Number of persons,ALL,All regions,2005,2005,,,0,Units,,,3563920,,
2,Large regions (TL2),ITI1,Tuscany,SNA_REF,Reference data,POP_AVG,Average annual population (data used for per capita measures),PER,Number of persons,ALL,All regions,2006,2006,,,0,Units,,,3576090,,
2,Large regions (TL2),ITI1,Tuscany,SNA_REF,Reference data,POP_AVG,Average annual population (data used for per capita measures),PER,Number of persons,ALL,All regions,2007,2007,,,0,Units,,,3598550,,
2,Large regions (TL2),ITI1,Tuscany,SNA_REF,Reference data,POP_AVG,Average annual population (data used for per capita measures),PER,Number of persons,ALL,All regions,2008,2008,,,0,Units,,,3628290,,
2,Large regions (TL2),ITI1,Tuscany,SNA_REF,Reference data,POP_AVG,Average annual population (data used for per capita measures),PER,Number of persons,ALL,All regions,2009,2009,,,0,Units,,,3649360,,
2,Large regions (TL2),ITI1,Tuscany,SNA_REF,Reference data,POP_AVG,Average annual population (data used for per capita measures),PER,Number of persons,ALL,All regions,2010,2010,,,0,Units,,,3663140,,
2,Large regions (TL2),ITI1,Tuscany,SNA_REF,Reference data,POP_AVG,Average annual population (data used for per capita measures),PER,Number of persons,ALL,All regions,2011,2011,,,0,Units,,,3668360,,
2,Large regions (TL2),ITI1,Tuscany,SNA_REF,Reference data,POP_AVG,Average annual population (data used for per capita measures),PER,Number of persons,ALL,All regions,2012,2012,,,0,Units,,,3680300,,
2,Large regions (TL2),ITI1,Tuscany,SNA_REF,Reference data,POP_AVG,Average annual population (data used for per capita measures),PER,Number of persons,ALL,All regions,2013,2013,,,0,Units,,,3721670,,
2,Large regions (TL2),ITI2,Umbria,SNA_REF,Reference data,POP_AVG,Average annual population (data used for per capita measures),PER,Number of persons,ALL,All regions,2000,2000,,,0,Units,,,822520,,
2,Large regions (TL2),ITI2,Umbria,SNA_REF,Reference data,POP_AVG,Average annual population (data used for per capita measures),PER,Number of persons,ALL,All regions,2001,2001,,,0,Units,,,825150,,
2,Large regions (TL2),ITI2,Umbria,SNA_REF,Reference data,POP_AVG,Average annual population (data used for per capita measures),PER,Number of persons,ALL,All regions,2002,2002,,,0,Units,,,828200,,
2,Large regions (TL2),ITI2,Umbria,SNA_REF,Reference data,POP_AVG,Average annual population (data used for per capita measures),PER,Number of persons,ALL,All regions,2003,2003,,,0,Units,,,835430,,
2,Large regions (TL2),ITI2,Umbria,SNA_REF,Reference data,POP_AVG,Average annual population (data used for per capita measures),PER,Number of persons,ALL,All regions,2004,2004,,,0,Units,,,844320,,
2,Large regions (TL2),ITI2,Umbria,SNA_REF,Reference data,POP_AVG,Average annual population (data used for per capita measures),PER,Number of persons,ALL,All regions,2005,2005,,,0,Units,,,850660,,
2,Large regions (TL2),ITI2,Umbria,SNA_REF,Reference data,POP_AVG,Average annual population (data used for per capita measures),PER,Number of persons,ALL,All regions,2006,2006,,,0,Units,,,854710,,
2,Large regions (TL2),ITI2,Umbria,SNA_REF,Reference data,POP_AVG,Average annual population (data used for per capita measures),PER,Number of persons,ALL,All regions,2007,2007,,,0,Units,,,861540,,
2,Large regions (TL2),ITI2,Umbria,SNA_REF,Reference data,POP_AVG,Average annual population (data used for per capita measures),PER,Number of persons,ALL,All regions,2008,2008,,,0,Units,,,871100,,
2,Large regions (TL2),ITI2,Umbria,SNA_REF,Reference data,POP_AVG,Average annual population (data used for per capita measures),PER,Number of persons,ALL,All regions,2009,2009,,,0,Units,,,877730,,
2,Large regions (TL2),ITI2,Umbria,SNA_REF,Reference data,POP_AVG,Average annual population (data used for per capita measures),PER,Number of persons,ALL,All regions,2010,2010,,,0,Units,,,882110,,
2,Large regions (TL2),ITI2,Umbria,SNA_REF,Reference data,POP_AVG,Average annual population (data used for per capita measures),PER,Number of persons,ALL,All regions,2011,2011,,,0,Units,,,883610,,
2,Large regions (TL2),ITI2,Umbria,SNA_REF,Reference data,POP_AVG,Average annual population (data used for per capita measures),PER,Number of persons,ALL,All regions,2012,2012,,,0,Units,,,884730,,
2,Large regions (TL2),ITI2,Umbria,SNA_REF,Reference data,POP_AVG,Average annual population (data used for per capita measures),PER,Number of persons,ALL,All regions,2013,2013,,,0,Units,,,891490,,
2,Large regions (TL2),ITI3,Marche,SNA_REF,Reference data,POP_AVG,Average annual population (data used for per capita measures),PER,Number of persons,ALL,All regions,2000,2000,,,0,Units,,,1452210,,
2,Large regions (TL2),ITI3,Marche,SNA_REF,Reference data,POP_AVG,Average annual population (data used for per capita measures),PER,Number of persons,ALL,All regions,2001,2001,,,0,Units,,,1450090,,
2,Large regions (TL2),ITI3,Marche,SNA_REF,Reference data,POP_AVG,Average annual population (data used for per capita measures),PER,Number of persons,ALL,All regions,2002,2002,,,0,Units,,,1458580,,
2,Large regions (TL2),ITI3,Marche,SNA_REF,Reference data,POP_AVG,Average annual population (data used for per capita measures),PER,Number of persons,ALL,All regions,2003,2003,,,0,Units,,,1471850,,
2,Large regions (TL2),ITI3,Marche,SNA_REF,Reference data,POP_AVG,Average annual population (data used for per capita measures),PER,Number of persons,ALL,All regions,2004,2004,,,0,Units,,,1485570,,
2,Large regions (TL2),ITI3,Marche,SNA_REF,Reference data,POP_AVG,Average annual population (data used for per capita measures),PER,Number of persons,ALL,All regions,2005,2005,,,0,Units,,,1495230,,
2,Large regions (TL2),ITI3,Marche,SNA_REF,Reference data,POP_AVG,Average annual population (data used for per capita measures),PER,Number of persons,ALL,All regions,2006,2006,,,0,Units,,,1501980,,
2,Large regions (TL2),ITI3,Marche,SNA_REF,Reference data,POP_AVG,Average annual population (data used for per capita measures),PER,Number of persons,ALL,All regions,2007,2007,,,0,Units,,,1512980,,
2,Large regions (TL2),ITI3,Marche,SNA_REF,Reference data,POP_AVG,Average annual population (data used for per capita measures),PER,Number of persons,ALL,All regions,2008,2008,,,0,Units,,,1528770,,
2,Large regions (TL2),ITI3,Marche,SNA_REF,Reference data,POP_AVG,Average annual population (data used for per capita measures),PER,Number of persons,ALL,All regions,2009,2009,,,0,Units,,,1538290,,
2,Large regions (TL2),ITI3,Marche,SNA_REF,Reference data,POP_AVG,Average annual population (data used for per capita measures),PER,Number of persons,ALL,All regions,2010,2010,,,0,Units,,,1541110,,
2,Large regions (TL2),ITI3,Marche,SNA_REF,Reference data,POP_AVG,Average annual population (data used for per capita measures),PER,Number of persons,ALL,All regions,2011,2011,,,0,Units,,,1541320,,
2,Large regions (TL2),ITI3,Marche,SNA_REF,Reference data,POP_AVG,Average annual population (data used for per capita measures),PER,Number of persons,ALL,All regions,2012,2012,,,0,Units,,,1542920,,
2,Large regions (TL2),ITI3,Marche,SNA_REF,Reference data,POP_AVG,Average annual population (data used for per capita measures),PER,Number of persons,ALL,All regions,2013,2013,,,0,Units,,,1549150,,
2,Large regions (TL2),ITI4,Lazio,SNA_REF,Reference data,POP_AVG,Average annual population (data used for per capita measures),PER,Number of persons,ALL,All regions,2000,2000,,,0,Units,,,5117830,,
2,Large regions (TL2),ITI4,Lazio,SNA_REF,Reference data,POP_AVG,Average annual population (data used for per capita measures),PER,Number of persons,ALL,All regions,2001,2001,,,0,Units,,,5116810,,
2,Large regions (TL2),ITI4,Lazio,SNA_REF,Reference data,POP_AVG,Average annual population (data used for per capita measures),PER,Number of persons,ALL,All regions,2002,2002,,,0,Units,,,5125050,,
2,Large regions (TL2),ITI4,Lazio,SNA_REF,Reference data,POP_AVG,Average annual population (data used for per capita measures),PER,Number of persons,ALL,All regions,2003,2003,,,0,Units,,,5150780,,
2,Large regions (TL2),ITI4,Lazio,SNA_REF,Reference data,POP_AVG,Average annual population (data used for per capita measures),PER,Number of persons,ALL,All regions,2004,2004,,,0,Units,,,5193040,,
2,Large regions (TL2),ITI4,Lazio,SNA_REF,Reference data,POP_AVG,Average annual population (data used for per capita measures),PER,Number of persons,ALL,All regions,2005,2005,,,0,Units,,,5231930,,
2,Large regions (TL2),ITI4,Lazio,SNA_REF,Reference data,POP_AVG,Average annual population (data used for per capita measures),PER,Number of persons,ALL,All regions,2006,2006,,,0,Units,,,5262070,,
2,Large regions (TL2),ITI4,Lazio,SNA_REF,Reference data,POP_AVG,Average annual population (data used for per capita measures),PER,Number of persons,ALL,All regions,2007,2007,,,0,Units,,,5310110,,
2,Large regions (TL2),ITI4,Lazio,SNA_REF,Reference data,POP_AVG,Average annual population (data used for per capita measures),PER,Number of persons,ALL,All regions,2008,2008,,,0,Units,,,5372210,,
2,Large regions (TL2),ITI4,Lazio,SNA_REF,Reference data,POP_AVG,Average annual population (data used for per capita measures),PER,Number of persons,ALL,All regions,2009,2009,,,0,Units,,,5422400,,
2,Large regions (TL2),ITI4,Lazio,SNA_REF,Reference data,POP_AVG,Average annual population (data used for per capita measures),PER,Number of persons,ALL,All regions,2010,2010,,,0,Units,,,5462270,,
2,Large regions (TL2),ITI4,Lazio,SNA_REF,Reference data,POP_AVG,Average annual population (data used for per capita measures),PER,Number of persons,ALL,All regions,2011,2011,,,0,Units,,,5490800,,
2,Large regions (TL2),ITI4,Lazio,SNA_REF,Reference data,POP_AVG,Average annual population (data used for per capita measures),PER,Number of persons,ALL,All regions,2012,2012,,,0,Units,,,5528650,,
2,Large regions (TL2),ITI4,Lazio,SNA_REF,Reference data,POP_AVG,Average annual population (data used for per capita measures),PER,Number of persons,ALL,All regions,2013,2013,,,0,Units,,,5713860,,
1,Country,ITA,Italy,SNA_REF,Reference data,POP_AVG,Average annual population (data used for per capita measures),PER,Number of persons,ALL,All regions,2015,2015,,,0,Units,,,60730600,,
2,Large regions (TL2),ITG1,Sicily,SNA_REF,Reference data,POP_AVG,Average annual population (data used for per capita measures),PER,Number of persons,ALL,All regions,2014,2014,,,0,Units,,,5093510,,
2,Large regions (TL2),ITH3,Veneto,SNA_REF,Reference data,POP_AVG,Average annual population (data used for per capita measures),PER,Number of persons,ALL,All regions,2014,2014,,,0,Units,,,4927210,,
2,Large regions (TL2),ITC2,Aosta Valley,SNA_REF,Reference data,POP_AVG,Average annual population (data used for per capita measures),PER,Number of persons,ALL,All regions,2015,2015,,,0,Units,,,127810,,
2,Large regions (TL2),ITF3,Campania,SNA_REF,Reference data,POP_AVG,Average annual population (data used for per capita measures),PER,Number of persons,ALL,All regions,2014,2014,,,0,Units,,,5865750,,
2,Large regions (TL2),ITH5,Emilia-Romagna,SNA_REF,Reference data,POP_AVG,Average annual population (data used for per capita measures),PER,Number of persons,ALL,All regions,2015,2015,,,0,Units,,,4449330,,
2,Large regions (TL2),ITC2,Aosta Valley,SNA_REF,Reference data,POP_AVG,Average annual population (data used for per capita measures),PER,Number of persons,ALL,All regions,2014,2014,,,0,Units,,,128440,,
2,Large regions (TL2),ITG1,Sicily,SNA_REF,Reference data,POP_AVG,Average annual population (data used for per capita measures),PER,Number of persons,ALL,All regions,2015,2015,,,0,Units,,,5083170,,
2,Large regions (TL2),ITI2,Umbria,SNA_REF,Reference data,POP_AVG,Average annual population (data used for per capita measures),PER,Number of persons,ALL,All regions,2014,2014,,,0,Units,,,895750,,
2,Large regions (TL2),ITF4,Apulia,SNA_REF,Reference data,POP_AVG,Average annual population (data used for per capita measures),PER,Number of persons,ALL,All regions,2014,2014,,,0,Units,,,4090190,,
2,Large regions (TL2),ITF5,Basilicata,SNA_REF,Reference data,POP_AVG,Average annual population (data used for per capita measures),PER,Number of persons,ALL,All regions,2015,2015,,,0,Units,,,575160,,
2,Large regions (TL2),ITI4,Lazio,SNA_REF,Reference data,POP_AVG,Average annual population (data used for per capita measures),PER,Number of persons,ALL,All regions,2014,2014,,,0,Units,,,5881440,,
2,Large regions (TL2),ITF5,Basilicata,SNA_REF,Reference data,POP_AVG,Average annual population (data used for per capita measures),PER,Number of persons,ALL,All regions,2014,2014,,,0,Units,,,577510,,
2,Large regions (TL2),ITH1,Province of Bolzano-Bozen,SNA_REF,Reference data,POP_AVG,Average annual population (data used for per capita measures),PER,Number of persons,ALL,All regions,2015,2015,,,0,Units,,,519700,,
2,Large regions (TL2),ITI1,Tuscany,SNA_REF,Reference data,POP_AVG,Average annual population (data used for per capita measures),PER,Number of persons,ALL,All regions,2015,2015,,,0,Units,,,3748530,,
2,Large regions (TL2),ITC4,Lombardy,SNA_REF,Reference data,POP_AVG,Average annual population (data used for per capita measures),PER,Number of persons,ALL,All regions,2014,2014,,,0,Units,,,9988010,,
2,Large regions (TL2),ITF1,Abruzzo,SNA_REF,Reference data,POP_AVG,Average annual population (data used for per capita measures),PER,Number of persons,ALL,All regions,2014,2014,,,0,Units,,,1332760,,
2,Large regions (TL2),ITF4,Apulia,SNA_REF,Reference data,POP_AVG,Average annual population (data used for per capita measures),PER,Number of persons,ALL,All regions,2015,2015,,,0,Units,,,4083640,,
2,Large regions (TL2),ITF6,Calabria,SNA_REF,Reference data,POP_AVG,Average annual population (data used for per capita measures),PER,Number of persons,ALL,All regions,2014,2014,,,0,Units,,,1978580,,
2,Large regions (TL2),ITG2,Sardinia,SNA_REF,Reference data,POP_AVG,Average annual population (data used for per capita measures),PER,Number of persons,ALL,All regions,2015,2015,,,0,Units,,,1660710,,
2,Large regions (TL2),ITH1,Province of Bolzano-Bozen,SNA_REF,Reference data,POP_AVG,Average annual population (data used for per capita measures),PER,Number of persons,ALL,All regions,2014,2014,,,0,Units,,,517120,,
2,Large regions (TL2),ITH2,Province of Trento,SNA_REF,Reference data,POP_AVG,Average annual population (data used for per capita measures),PER,Number of persons,ALL,All regions,2015,2015,,,0,Units,,,537820,,
2,Large regions (TL2),ITH3,Veneto,SNA_REF,Reference data,POP_AVG,Average annual population (data used for per capita measures),PER,Number of persons,ALL,All regions,2015,2015,,,0,Units,,,4921360,,
2,Large regions (TL2),ITH5,Emilia-Romagna,SNA_REF,Reference data,POP_AVG,Average annual population (data used for per capita measures),PER,Number of persons,ALL,All regions,2014,2014,,,0,Units,,,4448430,,
1,Country,ITA,Italy,SNA_REF,Reference data,POP_AVG,Average annual population (data used for per capita measures),PER,Number of persons,ALL,All regions,2014,2014,,,0,Units,,,60789100,,
2,Large regions (TL2),ITC1,Piedmont,SNA_REF,Reference data,POP_AVG,Average annual population (data used for per capita measures),PER,Number of persons,ALL,All regions,2014,2014,,,0,Units,,,4430630,,
2,Large regions (TL2),ITC1,Piedmont,SNA_REF,Reference data,POP_AVG,Average annual population (data used for per capita measures),PER,Number of persons,ALL,All regions,2015,2015,,,0,Units,,,4414360,,
2,Large regions (TL2),ITF2,Molise,SNA_REF,Reference data,POP_AVG,Average annual population (data used for per capita measures),PER,Number of persons,ALL,All regions,2015,2015,,,0,Units,,,312690,,
2,Large regions (TL2),ITH2,Province of Trento,SNA_REF,Reference data,POP_AVG,Average annual population (data used for per capita measures),PER,Number of persons,ALL,All regions,2014,2014,,,0,Units,,,536830,,
2,Large regions (TL2),ITF1,Abruzzo,SNA_REF,Reference data,POP_AVG,Average annual population (data used for per capita measures),PER,Number of persons,ALL,All regions,2015,2015,,,0,Units,,,1329040,,
2,Large regions (TL2),ITF2,Molise,SNA_REF,Reference data,POP_AVG,Average annual population (data used for per capita measures),PER,Number of persons,ALL,All regions,2014,2014,,,0,Units,,,314040,,
2,Large regions (TL2),ITF6,Calabria,SNA_REF,Reference data,POP_AVG,Average annual population (data used for per capita measures),PER,Number of persons,ALL,All regions,2015,2015,,,0,Units,,,1973580,,
2,Large regions (TL2),ITG2,Sardinia,SNA_REF,Reference data,POP_AVG,Average annual population (data used for per capita measures),PER,Number of persons,ALL,All regions,2014,2014,,,0,Units,,,1663570,,
2,Large regions (TL2),ITI2,Umbria,SNA_REF,Reference data,POP_AVG,Average annual population (data used for per capita measures),PER,Number of persons,ALL,All regions,2015,2015,,,0,Units,,,892970,,
2,Large regions (TL2),ITI3,Marche,SNA_REF,Reference data,POP_AVG,Average annual population (data used for per capita measures),PER,Number of persons,ALL,All regions,2014,2014,,,0,Units,,,1551970,,
2,Large regions (TL2),ITC3,Liguria,SNA_REF,Reference data,POP_AVG,Average annual population (data used for per capita measures),PER,Number of persons,ALL,All regions,2014,2014,,,0,Units,,,1587600,,
2,Large regions (TL2),ITC4,Lombardy,SNA_REF,Reference data,POP_AVG,Average annual population (data used for per capita measures),PER,Number of persons,ALL,All regions,2015,2015,,,0,Units,,,10005500,,
2,Large regions (TL2),ITI1,Tuscany,SNA_REF,Reference data,POP_AVG,Average annual population (data used for per capita measures),PER,Number of persons,ALL,All regions,2014,2014,,,0,Units,,,3751580,,
2,Large regions (TL2),ITI4,Lazio,SNA_REF,Reference data,POP_AVG,Average annual population (data used for per capita measures),PER,Number of persons,ALL,All regions,2015,2015,,,0,Units,,,5890450,,
2,Large regions (TL2),ITF3,Campania,SNA_REF,Reference data,POP_AVG,Average annual population (data used for per capita measures),PER,Number of persons,ALL,All regions,2015,2015,,,0,Units,,,5856190,,
2,Large regions (TL2),ITI3,Marche,SNA_REF,Reference data,POP_AVG,Average annual population (data used for per capita measures),PER,Number of persons,ALL,All regions,2015,2015,,,0,Units,,,1547270,,
2,Large regions (TL2),ITC3,Liguria,SNA_REF,Reference data,POP_AVG,Average annual population (data used for per capita measures),PER,Number of persons,ALL,All regions,2015,2015,,,0,Units,,,1577160,,
2,Large regions (TL2),ITH4,Friuli-Venezia Giulia,SNA_REF,Reference data,POP_AVG,Average annual population (data used for per capita measures),PER,Number of persons,ALL,All regions,2015,2015,,,0,Units,,,1224170,,
2,Large regions (TL2),ITH4,Friuli-Venezia Giulia,SNA_REF,Reference data,POP_AVG,Average annual population (data used for per capita measures),PER,Number of persons,ALL,All regions,2014,2014,,,0,Units,,,1228240,,
2,Large regions (TL2),ITC2,Aosta Valley,SNA_REF,Reference data,POP_AVG,Average annual population (data used for per capita measures),PER,Number of persons,ALL,All regions,2016,2016,,,0,Units,,,127110,,
2,Large regions (TL2),ITC3,Liguria,SNA_REF,Reference data,POP_AVG,Average annual population (data used for per capita measures),PER,Number of persons,ALL,All regions,2016,2016,,,0,Units,,,1568180,,
2,Large regions (TL2),ITH3,Veneto,SNA_REF,Reference data,POP_AVG,Average annual population (data used for per capita measures),PER,Number of persons,ALL,All regions,2016,2016,,,0,Units,,,4911330,,
1,Country,ITA,Italy,SNA_REF,Reference data,POP_AVG,Average annual population (data used for per capita measures),PER,Number of persons,ALL,All regions,2016,2016,,,0,Units,,,60627500,,
2,Large regions (TL2),ITF6,Calabria,SNA_REF,Reference data,POP_AVG,Average annual population (data used for per capita measures),PER,Number of persons,ALL,All regions,2016,2016,,,0,Units,,,1967820,,
2,Large regions (TL2),ITH4,Friuli-Venezia Giulia,SNA_REF,Reference data,POP_AVG,Average annual population (data used for per capita measures),PER,Number of persons,ALL,All regions,2016,2016,,,0,Units,,,1219550,,
2,Large regions (TL2),ITF4,Apulia,SNA_REF,Reference data,POP_AVG,Average annual population (data used for per capita measures),PER,Number of persons,ALL,All regions,2016,2016,,,0,Units,,,4070530,,
2,Large regions (TL2),ITI3,Marche,SNA_REF,Reference data,POP_AVG,Average annual population (data used for per capita measures),PER,Number of persons,ALL,All regions,2016,2016,,,0,Units,,,1540900,,
2,Large regions (TL2),ITF3,Campania,SNA_REF,Reference data,POP_AVG,Average annual population (data used for per capita measures),PER,Number of persons,ALL,All regions,2016,2016,,,0,Units,,,5844970,,
2,Large regions (TL2),ITH2,Province of Trento,SNA_REF,Reference data,POP_AVG,Average annual population (data used for per capita measures),PER,Number of persons,ALL,All regions,2016,2016,,,0,Units,,,538410,,
2,Large regions (TL2),ITF5,Basilicata,SNA_REF,Reference data,POP_AVG,Average annual population (data used for per capita measures),PER,Number of persons,ALL,All regions,2016,2016,,,0,Units,,,572030,,
2,Large regions (TL2),ITC1,Piedmont,SNA_REF,Reference data,POP_AVG,Average annual population (data used for per capita measures),PER,Number of persons,ALL,All regions,2016,2016,,,0,Units,,,4398390,,
2,Large regions (TL2),ITF2,Molise,SNA_REF,Reference data,POP_AVG,Average annual population (data used for per capita measures),PER,Number of persons,ALL,All regions,2016,2016,,,0,Units,,,311240,,
2,Large regions (TL2),ITG1,Sicily,SNA_REF,Reference data,POP_AVG,Average annual population (data used for per capita measures),PER,Number of persons,ALL,All regions,2016,2016,,,0,Units,,,5065450,,
2,Large regions (TL2),ITI1,Tuscany,SNA_REF,Reference data,POP_AVG,Average annual population (data used for per capita measures),PER,Number of persons,ALL,All regions,2016,2016,,,0,Units,,,3743420,,
2,Large regions (TL2),ITC4,Lombardy,SNA_REF,Reference data,POP_AVG,Average annual population (data used for per capita measures),PER,Number of persons,ALL,All regions,2016,2016,,,0,Units,,,10013800,,
2,Large regions (TL2),ITH1,Province of Bolzano-Bozen,SNA_REF,Reference data,POP_AVG,Average annual population (data used for per capita measures),PER,Number of persons,ALL,All regions,2016,2016,,,0,Units,,,522570,,
2,Large regions (TL2),ITF1,Abruzzo,SNA_REF,Reference data,POP_AVG,Average annual population (data used for per capita measures),PER,Number of persons,ALL,All regions,2016,2016,,,0,Units,,,1324380,,
2,Large regions (TL2),ITI4,Lazio,SNA_REF,Reference data,POP_AVG,Average annual population (data used for per capita measures),PER,Number of persons,ALL,All regions,2016,2016,,,0,Units,,,5893300,,
2,Large regions (TL2),ITG2,Sardinia,SNA_REF,Reference data,POP_AVG,Average annual population (data used for per capita measures),PER,Number of persons,ALL,All regions,2016,2016,,,0,Units,,,1655640,,
2,Large regions (TL2),ITH5,Emilia-Romagna,SNA_REF,Reference data,POP_AVG,Average annual population (data used for per capita measures),PER,Number of persons,ALL,All regions,2016,2016,,,0,Units,,,4448490,,
2,Large regions (TL2),ITI2,Umbria,SNA_REF,Reference data,POP_AVG,Average annual population (data used for per capita measures),PER,Number of persons,ALL,All regions,2016,2016,,,0,Units,,,890040,,
2,Large regions (TL2),ITH2,Province of Trento,SNA_REF,Reference data,POP_AVG,Average annual population (data used for per capita measures),PER,Number of persons,ALL,All regions,2017,2017,,,0,Units,,,539250,,
2,Large regions (TL2),ITC1,Piedmont,SNA_REF,Reference data,POP_AVG,Average annual population (data used for per capita measures),PER,Number of persons,ALL,All regions,2017,2017,,,0,Units,,,4384200,,
2,Large regions (TL2),ITC2,Aosta Valley,SNA_REF,Reference data,POP_AVG,Average annual population (data used for per capita measures),PER,Number of persons,ALL,All regions,2017,2017,,,0,Units,,,126540,,
2,Large regions (TL2),ITC4,Lombardy,SNA_REF,Reference data,POP_AVG,Average annual population (data used for per capita measures),PER,Number of persons,ALL,All regions,2017,2017,,,0,Units,,,10027700,,
2,Large regions (TL2),ITG1,Sicily,SNA_REF,Reference data,POP_AVG,Average annual population (data used for per capita measures),PER,Number of persons,ALL,All regions,2017,2017,,,0,Units,,,5041820,,
2,Large regions (TL2),ITF6,Calabria,SNA_REF,Reference data,POP_AVG,Average annual population (data used for per capita measures),PER,Number of persons,ALL,All regions,2017,2017,,,0,Units,,,1960910,,
2,Large regions (TL2),ITH1,Province of Bolzano-Bozen,SNA_REF,Reference data,POP_AVG,Average annual population (data used for per capita measures),PER,Number of persons,ALL,All regions,2017,2017,,,0,Units,,,526000,,
2,Large regions (TL2),ITH3,Veneto,SNA_REF,Reference data,POP_AVG,Average annual population (data used for per capita measures),PER,Number of persons,ALL,All regions,2017,2017,,,0,Units,,,4906280,,
2,Large regions (TL2),ITH5,Emilia-Romagna,SNA_REF,Reference data,POP_AVG,Average annual population (data used for per capita measures),PER,Number of persons,ALL,All regions,2017,2017,,,0,Units,,,4450740,,
2,Large regions (TL2),ITI4,Lazio,SNA_REF,Reference data,POP_AVG,Average annual population (data used for per capita measures),PER,Number of persons,ALL,All regions,2017,2017,,,0,Units,,,5897410,,
2,Large regions (TL2),ITF5,Basilicata,SNA_REF,Reference data,POP_AVG,Average annual population (data used for per capita measures),PER,Number of persons,ALL,All regions,2017,2017,,,0,Units,,,568740,,
2,Large regions (TL2),ITI1,Tuscany,SNA_REF,Reference data,POP_AVG,Average annual population (data used for per capita measures),PER,Number of persons,ALL,All regions,2017,2017,,,0,Units,,,3739700,,
1,Country,ITA,Italy,SNA_REF,Reference data,POP_AVG,Average annual population (data used for per capita measures),PER,Number of persons,ALL,All regions,2017,2017,,,0,Units,,,60536700,,
2,Large regions (TL2),ITC3,Liguria,SNA_REF,Reference data,POP_AVG,Average annual population (data used for per capita measures),PER,Number of persons,ALL,All regions,2017,2017,,,0,Units,,,1561140,,
2,Large regions (TL2),ITH4,Friuli-Venezia Giulia,SNA_REF,Reference data,POP_AVG,Average annual population (data used for per capita measures),PER,Number of persons,ALL,All regions,2017,2017,,,0,Units,,,1216710,,
2,Large regions (TL2),ITF1,Abruzzo,SNA_REF,Reference data,POP_AVG,Average annual population (data used for per capita measures),PER,Number of persons,ALL,All regions,2017,2017,,,0,Units,,,1318720,,
2,Large regions (TL2),ITI2,Umbria,SNA_REF,Reference data,POP_AVG,Average annual population (data used for per capita measures),PER,Number of persons,ALL,All regions,2017,2017,,,0,Units,,,886770,,
2,Large regions (TL2),ITF4,Apulia,SNA_REF,Reference data,POP_AVG,Average annual population (data used for per capita measures),PER,Number of persons,ALL,All regions,2017,2017,,,0,Units,,,4056070,,
2,Large regions (TL2),ITG2,Sardinia,SNA_REF,Reference data,POP_AVG,Average annual population (data used for per capita measures),PER,Number of persons,ALL,All regions,2017,2017,,,0,Units,,,1650660,,
2,Large regions (TL2),ITF2,Molise,SNA_REF,Reference data,POP_AVG,Average annual population (data used for per capita measures),PER,Number of persons,ALL,All regions,2017,2017,,,0,Units,,,309470,,
2,Large regions (TL2),ITF3,Campania,SNA_REF,Reference data,POP_AVG,Average annual population (data used for per capita measures),PER,Number of persons,ALL,All regions,2017,2017,,,0,Units,,,5832970,,
2,Large regions (TL2),ITI3,Marche,SNA_REF,Reference data,POP_AVG,Average annual population (data used for per capita measures),PER,Number of persons,ALL,All regions,2017,2017,,,0,Units,,,1534900,,
2,Large regions (TL2),ITF3,Campania,SNA_REF,Reference data,POP_AVG,Average annual population (data used for per capita measures),PER,Number of persons,ALL,All regions,2018,2018,,,0,Units,,,5783580,,
2,Large regions (TL2),ITI2,Umbria,SNA_REF,Reference data,POP_AVG,Average annual population (data used for per capita measures),PER,Number of persons,ALL,All regions,2018,2018,,,0,Units,,,879190,,
2,Large regions (TL2),ITC4,Lombardy,SNA_REF,Reference data,POP_AVG,Average annual population (data used for per capita measures),PER,Number of persons,ALL,All regions,2018,2018,,,0,Units,,,10023600,,
2,Large regions (TL2),ITI3,Marche,SNA_REF,Reference data,POP_AVG,Average annual population (data used for per capita measures),PER,Number of persons,ALL,All regions,2018,2018,,,0,Units,,,1526040,,
2,Large regions (TL2),ITC1,Piedmont,SNA_REF,Reference data,POP_AVG,Average annual population (data used for per capita measures),PER,Number of persons,ALL,All regions,2018,2018,,,0,Units,,,4352220,,
2,Large regions (TL2),ITG1,Sicily,SNA_REF,Reference data,POP_AVG,Average annual population (data used for per capita measures),PER,Number of persons,ALL,All regions,2018,2018,,,0,Units,,,4967770,,
2,Large regions (TL2),ITH1,Province of Bolzano-Bozen,SNA_REF,Reference data,POP_AVG,Average annual population (data used for per capita measures),PER,Number of persons,ALL,All regions,2018,2018,,,0,Units,,,529030,,
2,Large regions (TL2),ITF4,Apulia,SNA_REF,Reference data,POP_AVG,Average annual population (data used for per capita measures),PER,Number of persons,ALL,All regions,2018,2018,,,0,Units,,,4011890,,
2,Large regions (TL2),ITH3,Veneto,SNA_REF,Reference data,POP_AVG,Average annual population (data used for per capita measures),PER,Number of persons,ALL,All regions,2018,2018,,,0,Units,,,4894810,,
2,Large regions (TL2),ITI1,Tuscany,SNA_REF,Reference data,POP_AVG,Average annual population (data used for per capita measures),PER,Number of persons,ALL,All regions,2018,2018,,,0,Units,,,3719160,,
1,Country,ITA,Italy,SNA_REF,Reference data,POP_AVG,Average annual population (data used for per capita measures),PER,Number of persons,ALL,All regions,2018,2018,,,0,Units,,,60150300,,
2,Large regions (TL2),ITC3,Liguria,SNA_REF,Reference data,POP_AVG,Average annual population (data used for per capita measures),PER,Number of persons,ALL,All regions,2018,2018,,,0,Units,,,1544980,,
2,Large regions (TL2),ITF5,Basilicata,SNA_REF,Reference data,POP_AVG,Average annual population (data used for per capita measures),PER,Number of persons,ALL,All regions,2018,2018,,,0,Units,,,562850,,
2,Large regions (TL2),ITF2,Molise,SNA_REF,Reference data,POP_AVG,Average annual population (data used for per capita measures),PER,Number of persons,ALL,All regions,2018,2018,,,0,Units,,,306140,,
2,Large regions (TL2),ITC2,Aosta Valley,SNA_REF,Reference data,POP_AVG,Average annual population (data used for per capita measures),PER,Number of persons,ALL,All regions,2018,2018,,,0,Units,,,125930,,
2,Large regions (TL2),ITF1,Abruzzo,SNA_REF,Reference data,POP_AVG,Average annual population (data used for per capita measures),PER,Number of persons,ALL,All regions,2018,2018,,,0,Units,,,1307920,,
2,Large regions (TL2),ITG2,Sardinia,SNA_REF,Reference data,POP_AVG,Average annual population (data used for per capita measures),PER,Number of persons,ALL,All regions,2018,2018,,,0,Units,,,1635220,,
2,Large regions (TL2),ITH2,Province of Trento,SNA_REF,Reference data,POP_AVG,Average annual population (data used for per capita measures),PER,Number of persons,ALL,All regions,2018,2018,,,0,Units,,,541810,,
2,Large regions (TL2),ITH4,Friuli-Venezia Giulia,SNA_REF,Reference data,POP_AVG,Average annual population (data used for per capita measures),PER,Number of persons,ALL,All regions,2018,2018,,,0,Units,,,1212980,,
2,Large regions (TL2),ITH5,Emilia-Romagna,SNA_REF,Reference data,POP_AVG,Average annual population (data used for per capita measures),PER,Number of persons,ALL,All regions,2018,2018,,,0,Units,,,4456040,,
2,Large regions (TL2),ITF6,Calabria,SNA_REF,Reference data,POP_AVG,Average annual population (data used for per capita measures),PER,Number of persons,ALL,All regions,2018,2018,,,0,Units,,,1934350,,
2,Large regions (TL2),ITI4,Lazio,SNA_REF,Reference data,POP_AVG,Average annual population (data used for per capita measures),PER,Number of persons,ALL,All regions,2018,2018,,,0,Units,,,5834880,,
2,Large regions (TL2),ITG1,Sicily,SNA_REF,Reference data,POP_AVG,Average annual population (data used for per capita measures),PER,Number of persons,ALL,All regions,2019,2019,,,0,Units,,,4891920,,
2,Large regions (TL2),ITG2,Sardinia,SNA_REF,Reference data,POP_AVG,Average annual population (data used for per capita measures),PER,Number of persons,ALL,All regions,2019,2019,,,0,Units,,,1616940,,
1,Country,ITA,Italy,SNA_REF,Reference data,POP_AVG,Average annual population (data used for per capita measures),PER,Number of persons,ALL,All regions,2019,2019,,,0,Units,,,59729100,,
2,Large regions (TL2),ITC1,Piedmont,SNA_REF,Reference data,POP_AVG,Average annual population (data used for per capita measures),PER,Number of persons,ALL,All regions,2019,2019,,,0,Units,,,4319890,,
2,Large regions (TL2),ITF2,Molise,SNA_REF,Reference data,POP_AVG,Average annual population (data used for per capita measures),PER,Number of persons,ALL,All regions,2019,2019,,,0,Units,,,302150,,
2,Large regions (TL2),ITF3,Campania,SNA_REF,Reference data,POP_AVG,Average annual population (data used for per capita measures),PER,Number of persons,ALL,All regions,2019,2019,,,0,Units,,,5726220,,
2,Large regions (TL2),ITF4,Apulia,SNA_REF,Reference data,POP_AVG,Average annual population (data used for per capita measures),PER,Number of persons,ALL,All regions,2019,2019,,,0,Units,,,3964420,,
2,Large regions (TL2),ITF5,Basilicata,SNA_REF,Reference data,POP_AVG,Average annual population (data used for per capita measures),PER,Number of persons,ALL,All regions,2019,2019,,,0,Units,,,555920,,
2,Large regions (TL2),ITF6,Calabria,SNA_REF,Reference data,POP_AVG,Average annual population (data used for per capita measures),PER,Number of persons,ALL,All regions,2019,2019,,,0,Units,,,1903070,,
2,Large regions (TL2),ITH1,Province of Bolzano-Bozen,SNA_REF,Reference data,POP_AVG,Average annual population (data used for per capita measures),PER,Number of persons,ALL,All regions,2019,2019,,,0,Units,,,531480,,
2,Large regions (TL2),ITH2,Province of Trento,SNA_REF,Reference data,POP_AVG,Average annual population (data used for per capita measures),PER,Number of persons,ALL,All regions,2019,2019,,,0,Units,,,544570,,
2,Large regions (TL2),ITH3,Veneto,SNA_REF,Reference data,POP_AVG,Average annual population (data used for per capita measures),PER,Number of persons,ALL,All regions,2019,2019,,,0,Units,,,4881860,,
2,Large regions (TL2),ITH4,Friuli-Venezia Giulia,SNA_REF,Reference data,POP_AVG,Average annual population (data used for per capita measures),PER,Number of persons,ALL,All regions,2019,2019,,,0,Units,,,1208320,,
2,Large regions (TL2),ITH5,Emilia-Romagna,SNA_REF,Reference data,POP_AVG,Average annual population (data used for per capita measures),PER,Number of persons,ALL,All regions,2019,2019,,,0,Units,,,4461790,,
2,Large regions (TL2),ITI4,Lazio,SNA_REF,Reference data,POP_AVG,Average annual population (data used for per capita measures),PER,Number of persons,ALL,All regions,2019,2019,,,0,Units,,,5764390,,
2,Large regions (TL2),ITI1,Tuscany,SNA_REF,Reference data,POP_AVG,Average annual population (data used for per capita measures),PER,Number of persons,ALL,All regions,2019,2019,,,0,Units,,,3696950,,
2,Large regions (TL2),ITI2,Umbria,SNA_REF,Reference data,POP_AVG,Average annual population (data used for per capita measures),PER,Number of persons,ALL,All regions,2019,2019,,,0,Units,,,871950,,
2,Large regions (TL2),ITI3,Marche,SNA_REF,Reference data,POP_AVG,Average annual population (data used for per capita measures),PER,Number of persons,ALL,All regions,2019,2019,,,0,Units,,,1516500,,
2,Large regions (TL2),ITC2,Aosta Valley,SNA_REF,Reference data,POP_AVG,Average annual population (data used for per capita measures),PER,Number of persons,ALL,All regions,2019,2019,,,0,Units,,,125340,,
2,Large regions (TL2),ITC3,Liguria,SNA_REF,Reference data,POP_AVG,Average annual population (data used for per capita measures),PER,Number of persons,ALL,All regions,2019,2019,,,0,Units,,,1528900,,
2,Large regions (TL2),ITC4,Lombardy,SNA_REF,Reference data,POP_AVG,Average annual population (data used for per capita measures),PER,Number of persons,ALL,All regions,2019,2019,,,0,Units,,,10019200,,
2,Large regions (TL2),ITF1,Abruzzo,SNA_REF,Reference data,POP_AVG,Average annual population (data used for per capita measures),PER,Number of persons,ALL,All regions,2019,2019,,,0,Units,,,1297290,,
2,Large regions (TL2),ITI3,Marche,SNA_REF,Reference data,POP_AVG,Average annual population (data used for per capita measures),PER,Number of persons,ALL,All regions,2020,2020,,,0,Units,,,1505450,,
2,Large regions (TL2),ITH3,Veneto,SNA_REF,Reference data,POP_AVG,Average annual population (data used for per capita measures),PER,Number of persons,ALL,All regions,2020,2020,,,0,Units,,,4874480,,
2,Large regions (TL2),ITC2,Aosta Valley,SNA_REF,Reference data,POP_AVG,Average annual population (data used for per capita measures),PER,Number of persons,ALL,All regions,2020,2020,,,0,Units,,,124560,,
2,Large regions (TL2),ITC4,Lombardy,SNA_REF,Reference data,POP_AVG,Average annual population (data used for per capita measures),PER,Number of persons,ALL,All regions,2020,2020,,,0,Units,,,10004600,,
2,Large regions (TL2),ITF1,Abruzzo,SNA_REF,Reference data,POP_AVG,Average annual population (data used for per capita measures),PER,Number of persons,ALL,All regions,2020,2020,,,0,Units,,,1287480,,
2,Large regions (TL2),ITF3,Campania,SNA_REF,Reference data,POP_AVG,Average annual population (data used for per capita measures),PER,Number of persons,ALL,All regions,2020,2020,,,0,Units,,,5668200,,
1,Country,ITA,Italy,SNA_REF,Reference data,POP_AVG,Average annual population (data used for per capita measures),PER,Number of persons,ALL,All regions,2020,2020,,,0,Units,,,59438900,,
2,Large regions (TL2),ITF4,Apulia,SNA_REF,Reference data,POP_AVG,Average annual population (data used for per capita measures),PER,Number of persons,ALL,All regions,2020,2020,,,0,Units,,,3943540,,
2,Large regions (TL2),ITH1,Province of Bolzano-Bozen,SNA_REF,Reference data,POP_AVG,Average annual population (data used for per capita measures),PER,Number of persons,ALL,All regions,2020,2020,,,0,Units,,,533780,,
2,Large regions (TL2),ITI2,Umbria,SNA_REF,Reference data,POP_AVG,Average annual population (data used for per capita measures),PER,Number of persons,ALL,All regions,2020,2020,,,0,Units,,,867810,,
2,Large regions (TL2),ITC1,Piedmont,SNA_REF,Reference data,POP_AVG,Average annual population (data used for per capita measures),PER,Number of persons,ALL,All regions,2020,2020,,,0,Units,,,4293080,,
2,Large regions (TL2),ITF5,Basilicata,SNA_REF,Reference data,POP_AVG,Average annual population (data used for per capita measures),PER,Number of persons,ALL,All regions,2020,2020,,,0,Units,,,549190,,
2,Large regions (TL2),ITI4,Lazio,SNA_REF,Reference data,POP_AVG,Average annual population (data used for per capita measures),PER,Number of persons,ALL,All regions,2020,2020,,,0,Units,,,5743050,,
2,Large regions (TL2),ITC3,Liguria,SNA_REF,Reference data,POP_AVG,Average annual population (data used for per capita measures),PER,Number of persons,ALL,All regions,2020,2020,,,0,Units,,,1521660,,
2,Large regions (TL2),ITF2,Molise,SNA_REF,Reference data,POP_AVG,Average annual population (data used for per capita measures),PER,Number of persons,ALL,All regions,2020,2020,,,0,Units,,,297410,,
2,Large regions (TL2),ITF6,Calabria,SNA_REF,Reference data,POP_AVG,Average annual population (data used for per capita measures),PER,Number of persons,ALL,All regions,2020,2020,,,0,Units,,,1877360,,
2,Large regions (TL2),ITG1,Sicily,SNA_REF,Reference data,POP_AVG,Average annual population (data used for per capita measures),PER,Number of persons,ALL,All regions,2020,2020,,,0,Units,,,4854500,,
2,Large regions (TL2),ITG2,Sardinia,SNA_REF,Reference data,POP_AVG,Average annual population (data used for per capita measures),PER,Number of persons,ALL,All regions,2020,2020,,,0,Units,,,1600830,,
2,Large regions (TL2),ITH2,Province of Trento,SNA_REF,Reference data,POP_AVG,Average annual population (data used for per capita measures),PER,Number of persons,ALL,All regions,2020,2020,,,0,Units,,,543800,,
2,Large regions (TL2),ITH4,Friuli-Venezia Giulia,SNA_REF,Reference data,POP_AVG,Average annual population (data used for per capita measures),PER,Number of persons,ALL,All regions,2020,2020,,,0,Units,,,1203860,,
2,Large regions (TL2),ITH5,Emilia-Romagna,SNA_REF,Reference data,POP_AVG,Average annual population (data used for per capita measures),PER,Number of persons,ALL,All regions,2020,2020,,,0,Units,,,4451530,,
2,Large regions (TL2),ITI1,Tuscany,SNA_REF,Reference data,POP_AVG,Average annual population (data used for per capita measures),PER,Number of persons,ALL,All regions,2020,2020,,,0,Units,,,3692710,,