TL,Territory level and Typology,REG_ID,Region,VAR,Indicator,POS,Position,TIME,Year,Unit Code,Unit,PowerCode Code,PowerCode,Reference Period Code,Reference Period,Value,NewValue,Flag Codes,Flags
2,Large regions (TL2),ITC1,Piedmont,RD_EXP_TOT_PPP,"R&D Total Expenditure (millions USD, constant prices, constant PPP, base year 2010)",ALL,All regions,2000,2000,,,0,Units,,,2876.91,3107.0628,,
2,Large regions (TL2),ITC1,Piedmont,RD_EXP_TOT_PPP,"R&D Total Expenditure (millions USD, constant prices, constant PPP, base year 2010)",ALL,All regions,2001,2001,,,0,Units,,,3039.03,3282.1524,,
2,Large regions (TL2),ITC1,Piedmont,RD_EXP_TOT_PPP,"R&D Total Expenditure (millions USD, constant prices, constant PPP, base year 2010)",ALL,All regions,2002,2002,,,0,Units,,,2919.49,3153.0492,,
2,Large regions (TL2),ITC1,Piedmont,RD_EXP_TOT_PPP,"R&D Total Expenditure (millions USD, constant prices, constant PPP, base year 2010)",ALL,All regions,2003,2003,,,0,Units,,,2761.4,2982.312,,
2,Large regions (TL2),ITC1,Piedmont,RD_EXP_TOT_PPP,"R&D Total Expenditure (millions USD, constant prices, constant PPP, base year 2010)",ALL,All regions,2004,2004,,,0,Units,,,2910.77,3143.6316,,
2,Large regions (TL2),ITC1,Piedmont,RD_EXP_TOT_PPP,"R&D Total Expenditure (millions USD, constant prices, constant PPP, base year 2010)",ALL,All regions,2005,2005,,,0,Units,,,3010,3250.8,,
2,Large regions (TL2),ITC1,Piedmont,RD_EXP_TOT_PPP,"R&D Total Expenditure (millions USD, constant prices, constant PPP, base year 2010)",ALL,All regions,2006,2006,,,0,Units,,,3149.54,3401.5032,,
2,Large regions (TL2),ITC1,Piedmont,RD_EXP_TOT_PPP,"R&D Total Expenditure (millions USD, constant prices, constant PPP, base year 2010)",ALL,All regions,2007,2007,,,0,Units,,,3284.11,3546.8388,,
2,Large regions (TL2),ITC1,Piedmont,RD_EXP_TOT_PPP,"R&D Total Expenditure (millions USD, constant prices, constant PPP, base year 2010)",ALL,All regions,2008,2008,,,0,Units,,,3282.85,3545.478,,
2,Large regions (TL2),ITC1,Piedmont,RD_EXP_TOT_PPP,"R&D Total Expenditure (millions USD, constant prices, constant PPP, base year 2010)",ALL,All regions,2009,2009,,,0,Units,,,3070.84,3316.5072,,
2,Large regions (TL2),ITC1,Piedmont,RD_EXP_TOT_PPP,"R&D Total Expenditure (millions USD, constant prices, constant PPP, base year 2010)",ALL,All regions,2010,2010,,,0,Units,,,3102.21,3350.3868,,
2,Large regions (TL2),ITC1,Piedmont,RD_EXP_TOT_PPP,"R&D Total Expenditure (millions USD, constant prices, constant PPP, base year 2010)",ALL,All regions,2011,2011,,,0,Units,,,3208.86,3465.5688,,
2,Large regions (TL2),ITC2,Aosta Valley,RD_EXP_TOT_PPP,"R&D Total Expenditure (millions USD, constant prices, constant PPP, base year 2010)",ALL,All regions,2000,2000,,,0,Units,,,37.65,40.662,,
2,Large regions (TL2),ITC2,Aosta Valley,RD_EXP_TOT_PPP,"R&D Total Expenditure (millions USD, constant prices, constant PPP, base year 2010)",ALL,All regions,2001,2001,,,0,Units,,,40.19,43.4052,,
2,Large regions (TL2),ITC2,Aosta Valley,RD_EXP_TOT_PPP,"R&D Total Expenditure (millions USD, constant prices, constant PPP, base year 2010)",ALL,All regions,2002,2002,,,0,Units,,,22.56,24.3648,,
2,Large regions (TL2),ITC2,Aosta Valley,RD_EXP_TOT_PPP,"R&D Total Expenditure (millions USD, constant prices, constant PPP, base year 2010)",ALL,All regions,2003,2003,,,0,Units,,,20.5,22.14,,
2,Large regions (TL2),ITC2,Aosta Valley,RD_EXP_TOT_PPP,"R&D Total Expenditure (millions USD, constant prices, constant PPP, base year 2010)",ALL,All regions,2004,2004,,,0,Units,,,19.97,21.5676,,
2,Large regions (TL2),ITC2,Aosta Valley,RD_EXP_TOT_PPP,"R&D Total Expenditure (millions USD, constant prices, constant PPP, base year 2010)",ALL,All regions,2005,2005,,,0,Units,,,18.07,19.5156,,
2,Large regions (TL2),ITC2,Aosta Valley,RD_EXP_TOT_PPP,"R&D Total Expenditure (millions USD, constant prices, constant PPP, base year 2010)",ALL,All regions,2006,2006,,,0,Units,,,17.67,19.0836,,
2,Large regions (TL2),ITC2,Aosta Valley,RD_EXP_TOT_PPP,"R&D Total Expenditure (millions USD, constant prices, constant PPP, base year 2010)",ALL,All regions,2007,2007,,,0,Units,,,27.34,29.5272,,
2,Large regions (TL2),ITC2,Aosta Valley,RD_EXP_TOT_PPP,"R&D Total Expenditure (millions USD, constant prices, constant PPP, base year 2010)",ALL,All regions,2008,2008,,,0,Units,,,36.67,39.6036,,
2,Large regions (TL2),ITC2,Aosta Valley,RD_EXP_TOT_PPP,"R&D Total Expenditure (millions USD, constant prices, constant PPP, base year 2010)",ALL,All regions,2009,2009,,,0,Units,,,39.38,42.5304,,
2,Large regions (TL2),ITC2,Aosta Valley,RD_EXP_TOT_PPP,"R&D Total Expenditure (millions USD, constant prices, constant PPP, base year 2010)",ALL,All regions,2010,2010,,,0,Units,,,35.22,38.0376,,
2,Large regions (TL2),ITC2,Aosta Valley,RD_EXP_TOT_PPP,"R&D Total Expenditure (millions USD, constant prices, constant PPP, base year 2010)",ALL,All regions,2011,2011,,,0,Units,,,34.8,37.584,,
2,Large regions (TL2),ITC3,Liguria,RD_EXP_TOT_PPP,"R&D Total Expenditure (millions USD, constant prices, constant PPP, base year 2010)",ALL,All regions,2000,2000,,,0,Units,,,662.07,715.0356,,
2,Large regions (TL2),ITC3,Liguria,RD_EXP_TOT_PPP,"R&D Total Expenditure (millions USD, constant prices, constant PPP, base year 2010)",ALL,All regions,2001,2001,,,0,Units,,,556.28,600.7824,,
2,Large regions (TL2),ITC3,Liguria,RD_EXP_TOT_PPP,"R&D Total Expenditure (millions USD, constant prices, constant PPP, base year 2010)",ALL,All regions,2002,2002,,,0,Units,,,798.21,862.0668,,
2,Large regions (TL2),ITC3,Liguria,RD_EXP_TOT_PPP,"R&D Total Expenditure (millions USD, constant prices, constant PPP, base year 2010)",ALL,All regions,2003,2003,,,0,Units,,,701.78,757.9224,,
2,Large regions (TL2),ITC3,Liguria,RD_EXP_TOT_PPP,"R&D Total Expenditure (millions USD, constant prices, constant PPP, base year 2010)",ALL,All regions,2004,2004,,,0,Units,,,748.05,807.894,,
2,Large regions (TL2),ITC3,Liguria,RD_EXP_TOT_PPP,"R&D Total Expenditure (millions USD, constant prices, constant PPP, base year 2010)",ALL,All regions,2005,2005,,,0,Units,,,737.82,796.8456,,
2,Large regions (TL2),ITC3,Liguria,RD_EXP_TOT_PPP,"R&D Total Expenditure (millions USD, constant prices, constant PPP, base year 2010)",ALL,All regions,2006,2006,,,0,Units,,,778.06,840.3048,,
2,Large regions (TL2),ITC3,Liguria,RD_EXP_TOT_PPP,"R&D Total Expenditure (millions USD, constant prices, constant PPP, base year 2010)",ALL,All regions,2007,2007,,,0,Units,,,731.03,789.5124,,
2,Large regions (TL2),ITC3,Liguria,RD_EXP_TOT_PPP,"R&D Total Expenditure (millions USD, constant prices, constant PPP, base year 2010)",ALL,All regions,2008,2008,,,0,Units,,,755.76,816.2208,,
2,Large regions (TL2),ITC3,Liguria,RD_EXP_TOT_PPP,"R&D Total Expenditure (millions USD, constant prices, constant PPP, base year 2010)",ALL,All regions,2009,2009,,,0,Units,,,815.97,881.2476,,
2,Large regions (TL2),ITC3,Liguria,RD_EXP_TOT_PPP,"R&D Total Expenditure (millions USD, constant prices, constant PPP, base year 2010)",ALL,All regions,2010,2010,,,0,Units,,,879.84,950.2272,,
2,Large regions (TL2),ITC3,Liguria,RD_EXP_TOT_PPP,"R&D Total Expenditure (millions USD, constant prices, constant PPP, base year 2010)",ALL,All regions,2011,2011,,,0,Units,,,862.67,931.6836,,
2,Large regions (TL2),ITC4,Lombardy,RD_EXP_TOT_PPP,"R&D Total Expenditure (millions USD, constant prices, constant PPP, base year 2010)",ALL,All regions,2000,2000,,,0,Units,,,4833.62,5220.3096,,
2,Large regions (TL2),ITC4,Lombardy,RD_EXP_TOT_PPP,"R&D Total Expenditure (millions USD, constant prices, constant PPP, base year 2010)",ALL,All regions,2001,2001,,,0,Units,,,5058.69,5463.3852,,
2,Large regions (TL2),ITC4,Lombardy,RD_EXP_TOT_PPP,"R&D Total Expenditure (millions USD, constant prices, constant PPP, base year 2010)",ALL,All regions,2002,2002,,,0,Units,,,5271.05,5692.734,,
2,Large regions (TL2),ITC4,Lombardy,RD_EXP_TOT_PPP,"R&D Total Expenditure (millions USD, constant prices, constant PPP, base year 2010)",ALL,All regions,2003,2003,,,0,Units,,,5145.89,5557.5612,,
2,Large regions (TL2),ITC4,Lombardy,RD_EXP_TOT_PPP,"R&D Total Expenditure (millions USD, constant prices, constant PPP, base year 2010)",ALL,All regions,2004,2004,,,0,Units,,,4970.59,5368.2372,,
2,Large regions (TL2),ITC4,Lombardy,RD_EXP_TOT_PPP,"R&D Total Expenditure (millions USD, constant prices, constant PPP, base year 2010)",ALL,All regions,2005,2005,,,0,Units,,,5036.75,5439.69,,
2,Large regions (TL2),ITC4,Lombardy,RD_EXP_TOT_PPP,"R&D Total Expenditure (millions USD, constant prices, constant PPP, base year 2010)",ALL,All regions,2006,2006,,,0,Units,,,5341.9,5769.252,,
2,Large regions (TL2),ITC4,Lombardy,RD_EXP_TOT_PPP,"R&D Total Expenditure (millions USD, constant prices, constant PPP, base year 2010)",ALL,All regions,2007,2007,,,0,Units,,,5640.51,6091.7508,,
2,Large regions (TL2),ITC4,Lombardy,RD_EXP_TOT_PPP,"R&D Total Expenditure (millions USD, constant prices, constant PPP, base year 2010)",ALL,All regions,2008,2008,,,0,Units,,,5552.95,5997.186,,
2,Large regions (TL2),ITC4,Lombardy,RD_EXP_TOT_PPP,"R&D Total Expenditure (millions USD, constant prices, constant PPP, base year 2010)",ALL,All regions,2009,2009,,,0,Units,,,5570.02,6015.6216,,
2,Large regions (TL2),ITC4,Lombardy,RD_EXP_TOT_PPP,"R&D Total Expenditure (millions USD, constant prices, constant PPP, base year 2010)",ALL,All regions,2010,2010,,,0,Units,,,6047.58,6531.3864,,
2,Large regions (TL2),ITC4,Lombardy,RD_EXP_TOT_PPP,"R&D Total Expenditure (millions USD, constant prices, constant PPP, base year 2010)",ALL,All regions,2011,2011,,,0,Units,,,6046.84,6530.5872,,
2,Large regions (TL2),ITF1,Abruzzo,RD_EXP_TOT_PPP,"R&D Total Expenditure (millions USD, constant prices, constant PPP, base year 2010)",ALL,All regions,2000,2000,,,0,Units,,,354.87,383.2596,,
2,Large regions (TL2),ITF1,Abruzzo,RD_EXP_TOT_PPP,"R&D Total Expenditure (millions USD, constant prices, constant PPP, base year 2010)",ALL,All regions,2001,2001,,,0,Units,,,349.47,377.4276,,
2,Large regions (TL2),ITF1,Abruzzo,RD_EXP_TOT_PPP,"R&D Total Expenditure (millions USD, constant prices, constant PPP, base year 2010)",ALL,All regions,2002,2002,,,0,Units,,,408.69,441.3852,,
2,Large regions (TL2),ITF1,Abruzzo,RD_EXP_TOT_PPP,"R&D Total Expenditure (millions USD, constant prices, constant PPP, base year 2010)",ALL,All regions,2003,2003,,,0,Units,,,417.92,451.3536,,
2,Large regions (TL2),ITF1,Abruzzo,RD_EXP_TOT_PPP,"R&D Total Expenditure (millions USD, constant prices, constant PPP, base year 2010)",ALL,All regions,2004,2004,,,0,Units,,,405.51,437.9508,,
2,Large regions (TL2),ITF1,Abruzzo,RD_EXP_TOT_PPP,"R&D Total Expenditure (millions USD, constant prices, constant PPP, base year 2010)",ALL,All regions,2005,2005,,,0,Units,,,402.04,434.2032,,
2,Large regions (TL2),ITF1,Abruzzo,RD_EXP_TOT_PPP,"R&D Total Expenditure (millions USD, constant prices, constant PPP, base year 2010)",ALL,All regions,2006,2006,,,0,Units,,,420.04,453.6432,,
2,Large regions (TL2),ITF1,Abruzzo,RD_EXP_TOT_PPP,"R&D Total Expenditure (millions USD, constant prices, constant PPP, base year 2010)",ALL,All regions,2007,2007,,,0,Units,,,416.23,449.5284,,
2,Large regions (TL2),ITF1,Abruzzo,RD_EXP_TOT_PPP,"R&D Total Expenditure (millions USD, constant prices, constant PPP, base year 2010)",ALL,All regions,2008,2008,,,0,Units,,,370.65,400.302,,
2,Large regions (TL2),ITF1,Abruzzo,RD_EXP_TOT_PPP,"R&D Total Expenditure (millions USD, constant prices, constant PPP, base year 2010)",ALL,All regions,2009,2009,,,0,Units,,,369.36,398.9088,,
2,Large regions (TL2),ITF1,Abruzzo,RD_EXP_TOT_PPP,"R&D Total Expenditure (millions USD, constant prices, constant PPP, base year 2010)",ALL,All regions,2010,2010,,,0,Units,,,365.14,394.3512,,
2,Large regions (TL2),ITF1,Abruzzo,RD_EXP_TOT_PPP,"R&D Total Expenditure (millions USD, constant prices, constant PPP, base year 2010)",ALL,All regions,2011,2011,,,0,Units,,,350.57,378.6156,,
2,Large regions (TL2),ITF2,Molise,RD_EXP_TOT_PPP,"R&D Total Expenditure (millions USD, constant prices, constant PPP, base year 2010)",ALL,All regions,2000,2000,,,0,Units,,,35.74,38.5992,,
2,Large regions (TL2),ITF2,Molise,RD_EXP_TOT_PPP,"R&D Total Expenditure (millions USD, constant prices, constant PPP, base year 2010)",ALL,All regions,2001,2001,,,0,Units,,,31.86,34.4088,,
2,Large regions (TL2),ITF2,Molise,RD_EXP_TOT_PPP,"R&D Total Expenditure (millions USD, constant prices, constant PPP, base year 2010)",ALL,All regions,2002,2002,,,0,Units,,,33.88,36.5904,,
2,Large regions (TL2),ITF2,Molise,RD_EXP_TOT_PPP,"R&D Total Expenditure (millions USD, constant prices, constant PPP, base year 2010)",ALL,All regions,2003,2003,,,0,Units,,,34.69,37.4652,,
2,Large regions (TL2),ITF2,Molise,RD_EXP_TOT_PPP,"R&D Total Expenditure (millions USD, constant prices, constant PPP, base year 2010)",ALL,All regions,2004,2004,,,0,Units,,,36.86,39.8088,,
2,Large regions (TL2),ITF2,Molise,RD_EXP_TOT_PPP,"R&D Total Expenditure (millions USD, constant prices, constant PPP, base year 2010)",ALL,All regions,2005,2005,,,0,Units,,,40.66,43.9128,,
2,Large regions (TL2),ITF2,Molise,RD_EXP_TOT_PPP,"R&D Total Expenditure (millions USD, constant prices, constant PPP, base year 2010)",ALL,All regions,2006,2006,,,0,Units,,,46.92,50.6736,,
2,Large regions (TL2),ITF2,Molise,RD_EXP_TOT_PPP,"R&D Total Expenditure (millions USD, constant prices, constant PPP, base year 2010)",ALL,All regions,2007,2007,,,0,Units,,,41.15,44.442,,
2,Large regions (TL2),ITF2,Molise,RD_EXP_TOT_PPP,"R&D Total Expenditure (millions USD, constant prices, constant PPP, base year 2010)",ALL,All regions,2008,2008,,,0,Units,,,37.8,40.824,,
2,Large regions (TL2),ITF2,Molise,RD_EXP_TOT_PPP,"R&D Total Expenditure (millions USD, constant prices, constant PPP, base year 2010)",ALL,All regions,2009,2009,,,0,Units,,,45.6,49.248,,
2,Large regions (TL2),ITF2,Molise,RD_EXP_TOT_PPP,"R&D Total Expenditure (millions USD, constant prices, constant PPP, base year 2010)",ALL,All regions,2010,2010,,,0,Units,,,44.85,48.438,,
2,Large regions (TL2),ITF2,Molise,RD_EXP_TOT_PPP,"R&D Total Expenditure (millions USD, constant prices, constant PPP, base year 2010)",ALL,All regions,2011,2011,,,0,Units,,,38.86,41.9688,,
2,Large regions (TL2),ITF3,Campania,RD_EXP_TOT_PPP,"R&D Total Expenditure (millions USD, constant prices, constant PPP, base year 2010)",ALL,All regions,2000,2000,,,0,Units,,,1297.49,1401.2892,,
2,Large regions (TL2),ITF3,Campania,RD_EXP_TOT_PPP,"R&D Total Expenditure (millions USD, constant prices, constant PPP, base year 2010)",ALL,All regions,2001,2001,,,0,Units,,,1264.88,1366.0704,,
2,Large regions (TL2),ITF3,Campania,RD_EXP_TOT_PPP,"R&D Total Expenditure (millions USD, constant prices, constant PPP, base year 2010)",ALL,All regions,2002,2002,,,0,Units,,,1311.19,1416.0852,,
2,Large regions (TL2),ITF3,Campania,RD_EXP_TOT_PPP,"R&D Total Expenditure (millions USD, constant prices, constant PPP, base year 2010)",ALL,All regions,2003,2003,,,0,Units,,,1446.15,1561.842,,
2,Large regions (TL2),ITF3,Campania,RD_EXP_TOT_PPP,"R&D Total Expenditure (millions USD, constant prices, constant PPP, base year 2010)",ALL,All regions,2004,2004,,,0,Units,,,1579.04,1705.3632,,
2,Large regions (TL2),ITF3,Campania,RD_EXP_TOT_PPP,"R&D Total Expenditure (millions USD, constant prices, constant PPP, base year 2010)",ALL,All regions,2005,2005,,,0,Units,,,1534.36,1657.1088,,
2,Large regions (TL2),ITF3,Campania,RD_EXP_TOT_PPP,"R&D Total Expenditure (millions USD, constant prices, constant PPP, base year 2010)",ALL,All regions,2006,2006,,,0,Units,,,1708.49,1845.1692,,
2,Large regions (TL2),ITF3,Campania,RD_EXP_TOT_PPP,"R&D Total Expenditure (millions USD, constant prices, constant PPP, base year 2010)",ALL,All regions,2007,2007,,,0,Units,,,1750.83,1890.8964,,
2,Large regions (TL2),ITF3,Campania,RD_EXP_TOT_PPP,"R&D Total Expenditure (millions USD, constant prices, constant PPP, base year 2010)",ALL,All regions,2008,2008,,,0,Units,,,1823.45,1969.326,,
2,Large regions (TL2),ITF3,Campania,RD_EXP_TOT_PPP,"R&D Total Expenditure (millions USD, constant prices, constant PPP, base year 2010)",ALL,All regions,2009,2009,,,0,Units,,,1690.53,1825.7724,,
2,Large regions (TL2),ITF3,Campania,RD_EXP_TOT_PPP,"R&D Total Expenditure (millions USD, constant prices, constant PPP, base year 2010)",ALL,All regions,2010,2010,,,0,Units,,,1586.6,1713.528,,
2,Large regions (TL2),ITF3,Campania,RD_EXP_TOT_PPP,"R&D Total Expenditure (millions USD, constant prices, constant PPP, base year 2010)",ALL,All regions,2011,2011,,,0,Units,,,1554.33,1678.6764,,
2,Large regions (TL2),ITF4,Apulia,RD_EXP_TOT_PPP,"R&D Total Expenditure (millions USD, constant prices, constant PPP, base year 2010)",ALL,All regions,2000,2000,,,0,Units,,,577.03,623.1924,,
2,Large regions (TL2),ITF4,Apulia,RD_EXP_TOT_PPP,"R&D Total Expenditure (millions USD, constant prices, constant PPP, base year 2010)",ALL,All regions,2001,2001,,,0,Units,,,535.01,577.8108,,
2,Large regions (TL2),ITF4,Apulia,RD_EXP_TOT_PPP,"R&D Total Expenditure (millions USD, constant prices, constant PPP, base year 2010)",ALL,All regions,2002,2002,,,0,Units,,,601.91,650.0628,,
2,Large regions (TL2),ITF4,Apulia,RD_EXP_TOT_PPP,"R&D Total Expenditure (millions USD, constant prices, constant PPP, base year 2010)",ALL,All regions,2003,2003,,,0,Units,,,575.62,621.6696,,
2,Large regions (TL2),ITF4,Apulia,RD_EXP_TOT_PPP,"R&D Total Expenditure (millions USD, constant prices, constant PPP, base year 2010)",ALL,All regions,2004,2004,,,0,Units,,,619.02,668.5416,,
2,Large regions (TL2),ITF4,Apulia,RD_EXP_TOT_PPP,"R&D Total Expenditure (millions USD, constant prices, constant PPP, base year 2010)",ALL,All regions,2005,2005,,,0,Units,,,641.45,692.766,,
2,Large regions (TL2),ITF4,Apulia,RD_EXP_TOT_PPP,"R&D Total Expenditure (millions USD, constant prices, constant PPP, base year 2010)",ALL,All regions,2006,2006,,,0,Units,,,718.75,776.25,,
2,Large regions (TL2),ITF4,Apulia,RD_EXP_TOT_PPP,"R&D Total Expenditure (millions USD, constant prices, constant PPP, base year 2010)",ALL,All regions,2007,2007,,,0,Units,,,781.68,844.2144,,
2,Large regions (TL2),ITF4,Apulia,RD_EXP_TOT_PPP,"R&D Total Expenditure (millions USD, constant prices, constant PPP, base year 2010)",ALL,All regions,2008,2008,,,0,Units,,,748.6,808.488,,
2,Large regions (TL2),ITF4,Apulia,RD_EXP_TOT_PPP,"R&D Total Expenditure (millions USD, constant prices, constant PPP, base year 2010)",ALL,All regions,2009,2009,,,0,Units,,,742.46,801.8568,,
2,Large regions (TL2),ITF4,Apulia,RD_EXP_TOT_PPP,"R&D Total Expenditure (millions USD, constant prices, constant PPP, base year 2010)",ALL,All regions,2010,2010,,,0,Units,,,732.76,791.3808,,
2,Large regions (TL2),ITF4,Apulia,RD_EXP_TOT_PPP,"R&D Total Expenditure (millions USD, constant prices, constant PPP, base year 2010)",ALL,All regions,2011,2011,,,0,Units,,,672.7,726.516,,
2,Large regions (TL2),ITF5,Basilicata,RD_EXP_TOT_PPP,"R&D Total Expenditure (millions USD, constant prices, constant PPP, base year 2010)",ALL,All regions,2000,2000,,,0,Units,,,122.29,132.0732,,
2,Large regions (TL2),ITF5,Basilicata,RD_EXP_TOT_PPP,"R&D Total Expenditure (millions USD, constant prices, constant PPP, base year 2010)",ALL,All regions,2001,2001,,,0,Units,,,122.43,132.2244,,
2,Large regions (TL2),ITF5,Basilicata,RD_EXP_TOT_PPP,"R&D Total Expenditure (millions USD, constant prices, constant PPP, base year 2010)",ALL,All regions,2002,2002,,,0,Units,,,74.1,80.028,,
2,Large regions (TL2),ITF5,Basilicata,RD_EXP_TOT_PPP,"R&D Total Expenditure (millions USD, constant prices, constant PPP, base year 2010)",ALL,All regions,2003,2003,,,0,Units,,,75.7,81.756,,
2,Large regions (TL2),ITF5,Basilicata,RD_EXP_TOT_PPP,"R&D Total Expenditure (millions USD, constant prices, constant PPP, base year 2010)",ALL,All regions,2004,2004,,,0,Units,,,84.48,91.2384,,
2,Large regions (TL2),ITF5,Basilicata,RD_EXP_TOT_PPP,"R&D Total Expenditure (millions USD, constant prices, constant PPP, base year 2010)",ALL,All regions,2005,2005,,,0,Units,,,81.31,87.8148,,
2,Large regions (TL2),ITF5,Basilicata,RD_EXP_TOT_PPP,"R&D Total Expenditure (millions USD, constant prices, constant PPP, base year 2010)",ALL,All regions,2006,2006,,,0,Units,,,114.63,123.8004,,
2,Large regions (TL2),ITF5,Basilicata,RD_EXP_TOT_PPP,"R&D Total Expenditure (millions USD, constant prices, constant PPP, base year 2010)",ALL,All regions,2007,2007,,,0,Units,,,108.05,116.694,,
2,Large regions (TL2),ITF5,Basilicata,RD_EXP_TOT_PPP,"R&D Total Expenditure (millions USD, constant prices, constant PPP, base year 2010)",ALL,All regions,2008,2008,,,0,Units,,,105.66,114.1128,,
2,Large regions (TL2),ITF5,Basilicata,RD_EXP_TOT_PPP,"R&D Total Expenditure (millions USD, constant prices, constant PPP, base year 2010)",ALL,All regions,2009,2009,,,0,Units,,,98.8,106.704,,
2,Large regions (TL2),ITF5,Basilicata,RD_EXP_TOT_PPP,"R&D Total Expenditure (millions USD, constant prices, constant PPP, base year 2010)",ALL,All regions,2010,2010,,,0,Units,,,102.22,110.3976,,
2,Large regions (TL2),ITF5,Basilicata,RD_EXP_TOT_PPP,"R&D Total Expenditure (millions USD, constant prices, constant PPP, base year 2010)",ALL,All regions,2011,2011,,,0,Units,,,84.76,91.5408,,
2,Large regions (TL2),ITF6,Calabria,RD_EXP_TOT_PPP,"R&D Total Expenditure (millions USD, constant prices, constant PPP, base year 2010)",ALL,All regions,2000,2000,,,0,Units,,,125.87,135.9396,,
2,Large regions (TL2),ITF6,Calabria,RD_EXP_TOT_PPP,"R&D Total Expenditure (millions USD, constant prices, constant PPP, base year 2010)",ALL,All regions,2001,2001,,,0,Units,,,135.29,146.1132,,
2,Large regions (TL2),ITF6,Calabria,RD_EXP_TOT_PPP,"R&D Total Expenditure (millions USD, constant prices, constant PPP, base year 2010)",ALL,All regions,2002,2002,,,0,Units,,,180.82,195.2856,,
2,Large regions (TL2),ITF6,Calabria,RD_EXP_TOT_PPP,"R&D Total Expenditure (millions USD, constant prices, constant PPP, base year 2010)",ALL,All regions,2003,2003,,,0,Units,,,182.94,197.5752,,
2,Large regions (TL2),ITF6,Calabria,RD_EXP_TOT_PPP,"R&D Total Expenditure (millions USD, constant prices, constant PPP, base year 2010)",ALL,All regions,2004,2004,,,0,Units,,,179.72,194.0976,,
2,Large regions (TL2),ITF6,Calabria,RD_EXP_TOT_PPP,"R&D Total Expenditure (millions USD, constant prices, constant PPP, base year 2010)",ALL,All regions,2005,2005,,,0,Units,,,177.68,191.8944,,
2,Large regions (TL2),ITF6,Calabria,RD_EXP_TOT_PPP,"R&D Total Expenditure (millions USD, constant prices, constant PPP, base year 2010)",ALL,All regions,2006,2006,,,0,Units,,,205.48,221.9184,,
2,Large regions (TL2),ITF6,Calabria,RD_EXP_TOT_PPP,"R&D Total Expenditure (millions USD, constant prices, constant PPP, base year 2010)",ALL,All regions,2007,2007,,,0,Units,,,219.99,237.5892,,
2,Large regions (TL2),ITF6,Calabria,RD_EXP_TOT_PPP,"R&D Total Expenditure (millions USD, constant prices, constant PPP, base year 2010)",ALL,All regions,2008,2008,,,0,Units,,,213.99,231.1092,,
2,Large regions (TL2),ITF6,Calabria,RD_EXP_TOT_PPP,"R&D Total Expenditure (millions USD, constant prices, constant PPP, base year 2010)",ALL,All regions,2009,2009,,,0,Units,,,210.87,227.7396,,
2,Large regions (TL2),ITF6,Calabria,RD_EXP_TOT_PPP,"R&D Total Expenditure (millions USD, constant prices, constant PPP, base year 2010)",ALL,All regions,2010,2010,,,0,Units,,,208.85,225.558,,
2,Large regions (TL2),ITF6,Calabria,RD_EXP_TOT_PPP,"R&D Total Expenditure (millions USD, constant prices, constant PPP, base year 2010)",ALL,All regions,2011,2011,,,0,Units,,,204.19,220.5252,,
2,Large regions (TL2),ITG1,Sicily,RD_EXP_TOT_PPP,"R&D Total Expenditure (millions USD, constant prices, constant PPP, base year 2010)",ALL,All regions,2000,2000,,,0,Units,,,983.21,1061.8668,,
2,Large regions (TL2),ITG1,Sicily,RD_EXP_TOT_PPP,"R&D Total Expenditure (millions USD, constant prices, constant PPP, base year 2010)",ALL,All regions,2001,2001,,,0,Units,,,1011.63,1092.5604,,
2,Large regions (TL2),ITG1,Sicily,RD_EXP_TOT_PPP,"R&D Total Expenditure (millions USD, constant prices, constant PPP, base year 2010)",ALL,All regions,2002,2002,,,0,Units,,,951.47,1027.5876,,
2,Large regions (TL2),ITG1,Sicily,RD_EXP_TOT_PPP,"R&D Total Expenditure (millions USD, constant prices, constant PPP, base year 2010)",ALL,All regions,2003,2003,,,0,Units,,,930.46,1004.8968,,
2,Large regions (TL2),ITG1,Sicily,RD_EXP_TOT_PPP,"R&D Total Expenditure (millions USD, constant prices, constant PPP, base year 2010)",ALL,All regions,2004,2004,,,0,Units,,,1046.04,1129.7232,,
2,Large regions (TL2),ITG1,Sicily,RD_EXP_TOT_PPP,"R&D Total Expenditure (millions USD, constant prices, constant PPP, base year 2010)",ALL,All regions,2005,2005,,,0,Units,,,947.12,1022.8896,,
2,Large regions (TL2),ITG1,Sicily,RD_EXP_TOT_PPP,"R&D Total Expenditure (millions USD, constant prices, constant PPP, base year 2010)",ALL,All regions,2006,2006,,,0,Units,,,1068.84,1154.3472,,
2,Large regions (TL2),ITG1,Sicily,RD_EXP_TOT_PPP,"R&D Total Expenditure (millions USD, constant prices, constant PPP, base year 2010)",ALL,All regions,2007,2007,,,0,Units,,,1000.22,1080.2376,,
2,Large regions (TL2),ITG1,Sicily,RD_EXP_TOT_PPP,"R&D Total Expenditure (millions USD, constant prices, constant PPP, base year 2010)",ALL,All regions,2008,2008,,,0,Units,,,1043.94,1127.4552,,
2,Large regions (TL2),ITG1,Sicily,RD_EXP_TOT_PPP,"R&D Total Expenditure (millions USD, constant prices, constant PPP, base year 2010)",ALL,All regions,2009,2009,,,0,Units,,,1003.48,1083.7584,,
2,Large regions (TL2),ITG1,Sicily,RD_EXP_TOT_PPP,"R&D Total Expenditure (millions USD, constant prices, constant PPP, base year 2010)",ALL,All regions,2010,2010,,,0,Units,,,951.52,1027.6416,,
2,Large regions (TL2),ITG1,Sicily,RD_EXP_TOT_PPP,"R&D Total Expenditure (millions USD, constant prices, constant PPP, base year 2010)",ALL,All regions,2011,2011,,,0,Units,,,962.6,1039.608,,
2,Large regions (TL2),ITG2,Sardinia,RD_EXP_TOT_PPP,"R&D Total Expenditure (millions USD, constant prices, constant PPP, base year 2010)",ALL,All regions,2000,2000,,,0,Units,,,297.39,321.1812,,
2,Large regions (TL2),ITG2,Sardinia,RD_EXP_TOT_PPP,"R&D Total Expenditure (millions USD, constant prices, constant PPP, base year 2010)",ALL,All regions,2001,2001,,,0,Units,,,308.1,332.748,,
2,Large regions (TL2),ITG2,Sardinia,RD_EXP_TOT_PPP,"R&D Total Expenditure (millions USD, constant prices, constant PPP, base year 2010)",ALL,All regions,2002,2002,,,0,Units,,,315.21,340.4268,,
2,Large regions (TL2),ITG2,Sardinia,RD_EXP_TOT_PPP,"R&D Total Expenditure (millions USD, constant prices, constant PPP, base year 2010)",ALL,All regions,2003,2003,,,0,Units,,,320.14,345.7512,,
2,Large regions (TL2),ITG2,Sardinia,RD_EXP_TOT_PPP,"R&D Total Expenditure (millions USD, constant prices, constant PPP, base year 2010)",ALL,All regions,2004,2004,,,0,Units,,,305.67,330.1236,,
2,Large regions (TL2),ITG2,Sardinia,RD_EXP_TOT_PPP,"R&D Total Expenditure (millions USD, constant prices, constant PPP, base year 2010)",ALL,All regions,2005,2005,,,0,Units,,,266.52,287.8416,,
2,Large regions (TL2),ITG2,Sardinia,RD_EXP_TOT_PPP,"R&D Total Expenditure (millions USD, constant prices, constant PPP, base year 2010)",ALL,All regions,2006,2006,,,0,Units,,,302.91,327.1428,,
2,Large regions (TL2),ITG2,Sardinia,RD_EXP_TOT_PPP,"R&D Total Expenditure (millions USD, constant prices, constant PPP, base year 2010)",ALL,All regions,2007,2007,,,0,Units,,,285.02,307.8216,,
2,Large regions (TL2),ITG2,Sardinia,RD_EXP_TOT_PPP,"R&D Total Expenditure (millions USD, constant prices, constant PPP, base year 2010)",ALL,All regions,2008,2008,,,0,Units,,,278.06,300.3048,,
2,Large regions (TL2),ITG2,Sardinia,RD_EXP_TOT_PPP,"R&D Total Expenditure (millions USD, constant prices, constant PPP, base year 2010)",ALL,All regions,2009,2009,,,0,Units,,,301.52,325.6416,,
2,Large regions (TL2),ITG2,Sardinia,RD_EXP_TOT_PPP,"R&D Total Expenditure (millions USD, constant prices, constant PPP, base year 2010)",ALL,All regions,2010,2010,,,0,Units,,,308.32,332.9856,,
2,Large regions (TL2),ITG2,Sardinia,RD_EXP_TOT_PPP,"R&D Total Expenditure (millions USD, constant prices, constant PPP, base year 2010)",ALL,All regions,2011,2011,,,0,Units,,,356.8,385.344,,
2,Large regions (TL2),ITH1,Province of Bolzano-Bozen,RD_EXP_TOT_PPP,"R&D Total Expenditure (millions USD, constant prices, constant PPP, base year 2010)",ALL,All regions,2000,2000,,,0,Units,,,207.18,223.7544,,
2,Large regions (TL2),ITH1,Province of Bolzano-Bozen,RD_EXP_TOT_PPP,"R&D Total Expenditure (millions USD, constant prices, constant PPP, base year 2010)",ALL,All regions,2001,2001,,,0,Units,,,104.41,112.7628,,
2,Large regions (TL2),ITH1,Province of Bolzano-Bozen,RD_EXP_TOT_PPP,"R&D Total Expenditure (millions USD, constant prices, constant PPP, base year 2010)",ALL,All regions,2002,2002,,,0,Units,,,50.91,54.9828,,
2,Large regions (TL2),ITH1,Province of Bolzano-Bozen,RD_EXP_TOT_PPP,"R&D Total Expenditure (millions USD, constant prices, constant PPP, base year 2010)",ALL,All regions,2003,2003,,,0,Units,,,75.7,81.756,,
2,Large regions (TL2),ITH1,Province of Bolzano-Bozen,RD_EXP_TOT_PPP,"R&D Total Expenditure (millions USD, constant prices, constant PPP, base year 2010)",ALL,All regions,2004,2004,,,0,Units,,,101.38,109.4904,,
2,Large regions (TL2),ITH1,Province of Bolzano-Bozen,RD_EXP_TOT_PPP,"R&D Total Expenditure (millions USD, constant prices, constant PPP, base year 2010)",ALL,All regions,2005,2005,,,0,Units,,,76.79,82.9332,,
2,Large regions (TL2),ITH1,Province of Bolzano-Bozen,RD_EXP_TOT_PPP,"R&D Total Expenditure (millions USD, constant prices, constant PPP, base year 2010)",ALL,All regions,2006,2006,,,0,Units,,,101.15,109.242,,
2,Large regions (TL2),ITH1,Province of Bolzano-Bozen,RD_EXP_TOT_PPP,"R&D Total Expenditure (millions USD, constant prices, constant PPP, base year 2010)",ALL,All regions,2007,2007,,,0,Units,,,132.51,143.1108,,
2,Large regions (TL2),ITH1,Province of Bolzano-Bozen,RD_EXP_TOT_PPP,"R&D Total Expenditure (millions USD, constant prices, constant PPP, base year 2010)",ALL,All regions,2008,2008,,,0,Units,,,138.4,149.472,,
2,Large regions (TL2),ITH1,Province of Bolzano-Bozen,RD_EXP_TOT_PPP,"R&D Total Expenditure (millions USD, constant prices, constant PPP, base year 2010)",ALL,All regions,2009,2009,,,0,Units,,,135.97,146.8476,,
2,Large regions (TL2),ITH1,Province of Bolzano-Bozen,RD_EXP_TOT_PPP,"R&D Total Expenditure (millions USD, constant prices, constant PPP, base year 2010)",ALL,All regions,2010,2010,,,0,Units,,,141.99,153.3492,,
2,Large regions (TL2),ITH1,Province of Bolzano-Bozen,RD_EXP_TOT_PPP,"R&D Total Expenditure (millions USD, constant prices, constant PPP, base year 2010)",ALL,All regions,2011,2011,,,0,Units,,,159.91,172.7028,,
2,Large regions (TL2),ITH2,Province of Trento,RD_EXP_TOT_PPP,"R&D Total Expenditure (millions USD, constant prices, constant PPP, base year 2010)",ALL,All regions,2001,2001,,,0,Units,,,135.87,146.7396,,
2,Large regions (TL2),ITH2,Province of Trento,RD_EXP_TOT_PPP,"R&D Total Expenditure (millions USD, constant prices, constant PPP, base year 2010)",ALL,All regions,2002,2002,,,0,Units,,,221.28,238.9824,,
2,Large regions (TL2),ITH2,Province of Trento,RD_EXP_TOT_PPP,"R&D Total Expenditure (millions USD, constant prices, constant PPP, base year 2010)",ALL,All regions,2003,2003,,,0,Units,,,230.25,248.67,,
2,Large regions (TL2),ITH2,Province of Trento,RD_EXP_TOT_PPP,"R&D Total Expenditure (millions USD, constant prices, constant PPP, base year 2010)",ALL,All regions,2004,2004,,,0,Units,,,224.26,242.2008,,
2,Large regions (TL2),ITH2,Province of Trento,RD_EXP_TOT_PPP,"R&D Total Expenditure (millions USD, constant prices, constant PPP, base year 2010)",ALL,All regions,2005,2005,,,0,Units,,,237.91,256.9428,,
2,Large regions (TL2),ITH2,Province of Trento,RD_EXP_TOT_PPP,"R&D Total Expenditure (millions USD, constant prices, constant PPP, base year 2010)",ALL,All regions,2006,2006,,,0,Units,,,262.61,283.6188,,
2,Large regions (TL2),ITH2,Province of Trento,RD_EXP_TOT_PPP,"R&D Total Expenditure (millions USD, constant prices, constant PPP, base year 2010)",ALL,All regions,2007,2007,,,0,Units,,,262.72,283.7376,,
2,Large regions (TL2),ITH2,Province of Trento,RD_EXP_TOT_PPP,"R&D Total Expenditure (millions USD, constant prices, constant PPP, base year 2010)",ALL,All regions,2008,2008,,,0,Units,,,381.75,412.29,,
2,Large regions (TL2),ITH2,Province of Trento,RD_EXP_TOT_PPP,"R&D Total Expenditure (millions USD, constant prices, constant PPP, base year 2010)",ALL,All regions,2009,2009,,,0,Units,,,467.33,504.7164,,
2,Large regions (TL2),ITH2,Province of Trento,RD_EXP_TOT_PPP,"R&D Total Expenditure (millions USD, constant prices, constant PPP, base year 2010)",ALL,All regions,2010,2010,,,0,Units,,,450.86,486.9288,,
2,Large regions (TL2),ITH2,Province of Trento,RD_EXP_TOT_PPP,"R&D Total Expenditure (millions USD, constant prices, constant PPP, base year 2010)",ALL,All regions,2011,2011,,,0,Units,,,423.01,456.8508,,
2,Large regions (TL2),ITH3,Veneto,RD_EXP_TOT_PPP,"R&D Total Expenditure (millions USD, constant prices, constant PPP, base year 2010)",ALL,All regions,2000,2000,,,0,Units,,,986.59,1065.5172,,
2,Large regions (TL2),ITH3,Veneto,RD_EXP_TOT_PPP,"R&D Total Expenditure (millions USD, constant prices, constant PPP, base year 2010)",ALL,All regions,2001,2001,,,0,Units,,,1153.61,1245.8988,,
2,Large regions (TL2),ITH3,Veneto,RD_EXP_TOT_PPP,"R&D Total Expenditure (millions USD, constant prices, constant PPP, base year 2010)",ALL,All regions,2002,2002,,,0,Units,,,1345.66,1453.3128,,
2,Large regions (TL2),ITH3,Veneto,RD_EXP_TOT_PPP,"R&D Total Expenditure (millions USD, constant prices, constant PPP, base year 2010)",ALL,All regions,2003,2003,,,0,Units,,,1316.83,1422.1764,,
2,Large regions (TL2),ITH3,Veneto,RD_EXP_TOT_PPP,"R&D Total Expenditure (millions USD, constant prices, constant PPP, base year 2010)",ALL,All regions,2004,2004,,,0,Units,,,1288.73,1391.8284,,
2,Large regions (TL2),ITH3,Veneto,RD_EXP_TOT_PPP,"R&D Total Expenditure (millions USD, constant prices, constant PPP, base year 2010)",ALL,All regions,2005,2005,,,0,Units,,,1168.47,1261.9476,,
2,Large regions (TL2),ITH3,Veneto,RD_EXP_TOT_PPP,"R&D Total Expenditure (millions USD, constant prices, constant PPP, base year 2010)",ALL,All regions,2006,2006,,,0,Units,,,1404.06,1516.3848,,
2,Large regions (TL2),ITH3,Veneto,RD_EXP_TOT_PPP,"R&D Total Expenditure (millions USD, constant prices, constant PPP, base year 2010)",ALL,All regions,2007,2007,,,0,Units,,,1772.98,1914.8184,,
2,Large regions (TL2),ITH3,Veneto,RD_EXP_TOT_PPP,"R&D Total Expenditure (millions USD, constant prices, constant PPP, base year 2010)",ALL,All regions,2008,2008,,,0,Units,,,2127.49,2297.6892,,
2,Large regions (TL2),ITH3,Veneto,RD_EXP_TOT_PPP,"R&D Total Expenditure (millions USD, constant prices, constant PPP, base year 2010)",ALL,All regions,2009,2009,,,0,Units,,,2113.92,2283.0336,,
2,Large regions (TL2),ITH3,Veneto,RD_EXP_TOT_PPP,"R&D Total Expenditure (millions USD, constant prices, constant PPP, base year 2010)",ALL,All regions,2010,2010,,,0,Units,,,2067.04,2232.4032,,
2,Large regions (TL2),ITH3,Veneto,RD_EXP_TOT_PPP,"R&D Total Expenditure (millions USD, constant prices, constant PPP, base year 2010)",ALL,All regions,2011,2011,,,0,Units,,,2078.62,2244.9096,,
2,Large regions (TL2),ITH4,Friuli-Venezia Giulia,RD_EXP_TOT_PPP,"R&D Total Expenditure (millions USD, constant prices, constant PPP, base year 2010)",ALL,All regions,2000,2000,,,0,Units,,,545.15,588.762,,
2,Large regions (TL2),ITH4,Friuli-Venezia Giulia,RD_EXP_TOT_PPP,"R&D Total Expenditure (millions USD, constant prices, constant PPP, base year 2010)",ALL,All regions,2001,2001,,,0,Units,,,585.42,632.2536,,
2,Large regions (TL2),ITH4,Friuli-Venezia Giulia,RD_EXP_TOT_PPP,"R&D Total Expenditure (millions USD, constant prices, constant PPP, base year 2010)",ALL,All regions,2002,2002,,,0,Units,,,525.07,567.0756,,
2,Large regions (TL2),ITH4,Friuli-Venezia Giulia,RD_EXP_TOT_PPP,"R&D Total Expenditure (millions USD, constant prices, constant PPP, base year 2010)",ALL,All regions,2003,2003,,,0,Units,,,544.08,587.6064,,
2,Large regions (TL2),ITH4,Friuli-Venezia Giulia,RD_EXP_TOT_PPP,"R&D Total Expenditure (millions USD, constant prices, constant PPP, base year 2010)",ALL,All regions,2004,2004,,,0,Units,,,565.26,610.4808,,
2,Large regions (TL2),ITH4,Friuli-Venezia Giulia,RD_EXP_TOT_PPP,"R&D Total Expenditure (millions USD, constant prices, constant PPP, base year 2010)",ALL,All regions,2005,2005,,,0,Units,,,570.68,616.3344,,
2,Large regions (TL2),ITH4,Friuli-Venezia Giulia,RD_EXP_TOT_PPP,"R&D Total Expenditure (millions USD, constant prices, constant PPP, base year 2010)",ALL,All regions,2006,2006,,,0,Units,,,605.94,654.4152,,
2,Large regions (TL2),ITH4,Friuli-Venezia Giulia,RD_EXP_TOT_PPP,"R&D Total Expenditure (millions USD, constant prices, constant PPP, base year 2010)",ALL,All regions,2007,2007,,,0,Units,,,712.33,769.3164,,
2,Large regions (TL2),ITH4,Friuli-Venezia Giulia,RD_EXP_TOT_PPP,"R&D Total Expenditure (millions USD, constant prices, constant PPP, base year 2010)",ALL,All regions,2008,2008,,,0,Units,,,675.12,729.1296,,
2,Large regions (TL2),ITH4,Friuli-Venezia Giulia,RD_EXP_TOT_PPP,"R&D Total Expenditure (millions USD, constant prices, constant PPP, base year 2010)",ALL,All regions,2009,2009,,,0,Units,,,708.33,764.9964,,
2,Large regions (TL2),ITH4,Friuli-Venezia Giulia,RD_EXP_TOT_PPP,"R&D Total Expenditure (millions USD, constant prices, constant PPP, base year 2010)",ALL,All regions,2010,2010,,,0,Units,,,699.88,755.8704,,
2,Large regions (TL2),ITH4,Friuli-Venezia Giulia,RD_EXP_TOT_PPP,"R&D Total Expenditure (millions USD, constant prices, constant PPP, base year 2010)",ALL,All regions,2011,2011,,,0,Units,,,720.23,777.8484,,
2,Large regions (TL2),ITH5,Emilia-Romagna,RD_EXP_TOT_PPP,"R&D Total Expenditure (millions USD, constant prices, constant PPP, base year 2010)",ALL,All regions,2000,2000,,,0,Units,,,1700.59,1836.6372,,
2,Large regions (TL2),ITH5,Emilia-Romagna,RD_EXP_TOT_PPP,"R&D Total Expenditure (millions USD, constant prices, constant PPP, base year 2010)",ALL,All regions,2001,2001,,,0,Units,,,2065.51,2230.7508,,
2,Large regions (TL2),ITH5,Emilia-Romagna,RD_EXP_TOT_PPP,"R&D Total Expenditure (millions USD, constant prices, constant PPP, base year 2010)",ALL,All regions,2002,2002,,,0,Units,,,2304.39,2488.7412,,
2,Large regions (TL2),ITH5,Emilia-Romagna,RD_EXP_TOT_PPP,"R&D Total Expenditure (millions USD, constant prices, constant PPP, base year 2010)",ALL,All regions,2003,2003,,,0,Units,,,2206.28,2382.7824,,
2,Large regions (TL2),ITH5,Emilia-Romagna,RD_EXP_TOT_PPP,"R&D Total Expenditure (millions USD, constant prices, constant PPP, base year 2010)",ALL,All regions,2004,2004,,,0,Units,,,2105.9,2274.372,,
2,Large regions (TL2),ITH5,Emilia-Romagna,RD_EXP_TOT_PPP,"R&D Total Expenditure (millions USD, constant prices, constant PPP, base year 2010)",ALL,All regions,2005,2005,,,0,Units,,,2184.85,2359.638,,
2,Large regions (TL2),ITH5,Emilia-Romagna,RD_EXP_TOT_PPP,"R&D Total Expenditure (millions USD, constant prices, constant PPP, base year 2010)",ALL,All regions,2006,2006,,,0,Units,,,2340.65,2527.902,,
2,Large regions (TL2),ITH5,Emilia-Romagna,RD_EXP_TOT_PPP,"R&D Total Expenditure (millions USD, constant prices, constant PPP, base year 2010)",ALL,All regions,2007,2007,,,0,Units,,,2901.54,3133.6632,,
2,Large regions (TL2),ITH5,Emilia-Romagna,RD_EXP_TOT_PPP,"R&D Total Expenditure (millions USD, constant prices, constant PPP, base year 2010)",ALL,All regions,2008,2008,,,0,Units,,,2530.74,2733.1992,,
2,Large regions (TL2),ITH5,Emilia-Romagna,RD_EXP_TOT_PPP,"R&D Total Expenditure (millions USD, constant prices, constant PPP, base year 2010)",ALL,All regions,2009,2009,,,0,Units,,,2564.54,2769.7032,,
2,Large regions (TL2),ITH5,Emilia-Romagna,RD_EXP_TOT_PPP,"R&D Total Expenditure (millions USD, constant prices, constant PPP, base year 2010)",ALL,All regions,2010,2010,,,0,Units,,,2744.63,2964.2004,,
2,Large regions (TL2),ITH5,Emilia-Romagna,RD_EXP_TOT_PPP,"R&D Total Expenditure (millions USD, constant prices, constant PPP, base year 2010)",ALL,All regions,2011,2011,,,0,Units,,,2776.1,2998.188,,
2,Large regions (TL2),ITI1,Tuscany,RD_EXP_TOT_PPP,"R&D Total Expenditure (millions USD, constant prices, constant PPP, base year 2010)",ALL,All regions,2000,2000,,,0,Units,,,1396.72,1508.4576,,
2,Large regions (TL2),ITI1,Tuscany,RD_EXP_TOT_PPP,"R&D Total Expenditure (millions USD, constant prices, constant PPP, base year 2010)",ALL,All regions,2001,2001,,,0,Units,,,1489.56,1608.7248,,
2,Large regions (TL2),ITI1,Tuscany,RD_EXP_TOT_PPP,"R&D Total Expenditure (millions USD, constant prices, constant PPP, base year 2010)",ALL,All regions,2002,2002,,,0,Units,,,1569.87,1695.4596,,
2,Large regions (TL2),ITI1,Tuscany,RD_EXP_TOT_PPP,"R&D Total Expenditure (millions USD, constant prices, constant PPP, base year 2010)",ALL,All regions,2003,2003,,,0,Units,,,1567.58,1692.9864,,
2,Large regions (TL2),ITI1,Tuscany,RD_EXP_TOT_PPP,"R&D Total Expenditure (millions USD, constant prices, constant PPP, base year 2010)",ALL,All regions,2004,2004,,,0,Units,,,1597.47,1725.2676,,
2,Large regions (TL2),ITI1,Tuscany,RD_EXP_TOT_PPP,"R&D Total Expenditure (millions USD, constant prices, constant PPP, base year 2010)",ALL,All regions,2005,2005,,,0,Units,,,1573.51,1699.3908,,
2,Large regions (TL2),ITI1,Tuscany,RD_EXP_TOT_PPP,"R&D Total Expenditure (millions USD, constant prices, constant PPP, base year 2010)",ALL,All regions,2006,2006,,,0,Units,,,1559.77,1684.5516,,
2,Large regions (TL2),ITI1,Tuscany,RD_EXP_TOT_PPP,"R&D Total Expenditure (millions USD, constant prices, constant PPP, base year 2010)",ALL,All regions,2007,2007,,,0,Units,,,1508.83,1629.5364,,
2,Large regions (TL2),ITI1,Tuscany,RD_EXP_TOT_PPP,"R&D Total Expenditure (millions USD, constant prices, constant PPP, base year 2010)",ALL,All regions,2008,2008,,,0,Units,,,1657.93,1790.5644,,
2,Large regions (TL2),ITI1,Tuscany,RD_EXP_TOT_PPP,"R&D Total Expenditure (millions USD, constant prices, constant PPP, base year 2010)",ALL,All regions,2009,2009,,,0,Units,,,1757.13,1897.7004,,
2,Large regions (TL2),ITI1,Tuscany,RD_EXP_TOT_PPP,"R&D Total Expenditure (millions USD, constant prices, constant PPP, base year 2010)",ALL,All regions,2010,2010,,,0,Units,,,1752.39,1892.5812,,
2,Large regions (TL2),ITI1,Tuscany,RD_EXP_TOT_PPP,"R&D Total Expenditure (millions USD, constant prices, constant PPP, base year 2010)",ALL,All regions,2011,2011,,,0,Units,,,1728.6,1866.888,,
2,Large regions (TL2),ITI2,Umbria,RD_EXP_TOT_PPP,"R&D Total Expenditure (millions USD, constant prices, constant PPP, base year 2010)",ALL,All regions,2000,2000,,,0,Units,,,266.66,287.9928,,
2,Large regions (TL2),ITI2,Umbria,RD_EXP_TOT_PPP,"R&D Total Expenditure (millions USD, constant prices, constant PPP, base year 2010)",ALL,All regions,2001,2001,,,0,Units,,,232.24,250.8192,,
2,Large regions (TL2),ITI2,Umbria,RD_EXP_TOT_PPP,"R&D Total Expenditure (millions USD, constant prices, constant PPP, base year 2010)",ALL,All regions,2002,2002,,,0,Units,,,248.05,267.894,,
2,Large regions (TL2),ITI2,Umbria,RD_EXP_TOT_PPP,"R&D Total Expenditure (millions USD, constant prices, constant PPP, base year 2010)",ALL,All regions,2003,2003,,,0,Units,,,247.6,267.408,,
2,Large regions (TL2),ITI2,Umbria,RD_EXP_TOT_PPP,"R&D Total Expenditure (millions USD, constant prices, constant PPP, base year 2010)",ALL,All regions,2004,2004,,,0,Units,,,235.01,253.8108,,
2,Large regions (TL2),ITI2,Umbria,RD_EXP_TOT_PPP,"R&D Total Expenditure (millions USD, constant prices, constant PPP, base year 2010)",ALL,All regions,2005,2005,,,0,Units,,,230.38,248.8104,,
2,Large regions (TL2),ITI2,Umbria,RD_EXP_TOT_PPP,"R&D Total Expenditure (millions USD, constant prices, constant PPP, base year 2010)",ALL,All regions,2006,2006,,,0,Units,,,261.1,281.988,,
2,Large regions (TL2),ITI2,Umbria,RD_EXP_TOT_PPP,"R&D Total Expenditure (millions USD, constant prices, constant PPP, base year 2010)",ALL,All regions,2007,2007,,,0,Units,,,272.36,294.1488,,
2,Large regions (TL2),ITI2,Umbria,RD_EXP_TOT_PPP,"R&D Total Expenditure (millions USD, constant prices, constant PPP, base year 2010)",ALL,All regions,2008,2008,,,0,Units,,,266.11,287.3988,,
2,Large regions (TL2),ITI2,Umbria,RD_EXP_TOT_PPP,"R&D Total Expenditure (millions USD, constant prices, constant PPP, base year 2010)",ALL,All regions,2009,2009,,,0,Units,,,286.87,309.8196,,
2,Large regions (TL2),ITI2,Umbria,RD_EXP_TOT_PPP,"R&D Total Expenditure (millions USD, constant prices, constant PPP, base year 2010)",ALL,All regions,2010,2010,,,0,Units,,,261.27,282.1716,,
2,Large regions (TL2),ITI2,Umbria,RD_EXP_TOT_PPP,"R&D Total Expenditure (millions USD, constant prices, constant PPP, base year 2010)",ALL,All regions,2011,2011,,,0,Units,,,257.41,278.0028,,
2,Large regions (TL2),ITI3,Marche,RD_EXP_TOT_PPP,"R&D Total Expenditure (millions USD, constant prices, constant PPP, base year 2010)",ALL,All regions,2000,2000,,,0,Units,,,264.81,285.9948,,
2,Large regions (TL2),ITI3,Marche,RD_EXP_TOT_PPP,"R&D Total Expenditure (millions USD, constant prices, constant PPP, base year 2010)",ALL,All regions,2001,2001,,,0,Units,,,298.5,322.38,,
2,Large regions (TL2),ITI3,Marche,RD_EXP_TOT_PPP,"R&D Total Expenditure (millions USD, constant prices, constant PPP, base year 2010)",ALL,All regions,2002,2002,,,0,Units,,,377.63,407.8404,,
2,Large regions (TL2),ITI3,Marche,RD_EXP_TOT_PPP,"R&D Total Expenditure (millions USD, constant prices, constant PPP, base year 2010)",ALL,All regions,2003,2003,,,0,Units,,,361.14,390.0312,,
2,Large regions (TL2),ITI3,Marche,RD_EXP_TOT_PPP,"R&D Total Expenditure (millions USD, constant prices, constant PPP, base year 2010)",ALL,All regions,2004,2004,,,0,Units,,,294.92,318.5136,,
2,Large regions (TL2),ITI3,Marche,RD_EXP_TOT_PPP,"R&D Total Expenditure (millions USD, constant prices, constant PPP, base year 2010)",ALL,All regions,2005,2005,,,0,Units,,,316.21,341.5068,,
2,Large regions (TL2),ITI3,Marche,RD_EXP_TOT_PPP,"R&D Total Expenditure (millions USD, constant prices, constant PPP, base year 2010)",ALL,All regions,2006,2006,,,0,Units,,,361.92,390.8736,,
2,Large regions (TL2),ITI3,Marche,RD_EXP_TOT_PPP,"R&D Total Expenditure (millions USD, constant prices, constant PPP, base year 2010)",ALL,All regions,2007,2007,,,0,Units,,,389.9,421.092,,
2,Large regions (TL2),ITI3,Marche,RD_EXP_TOT_PPP,"R&D Total Expenditure (millions USD, constant prices, constant PPP, base year 2010)",ALL,All regions,2008,2008,,,0,Units,,,424.18,458.1144,,
2,Large regions (TL2),ITI3,Marche,RD_EXP_TOT_PPP,"R&D Total Expenditure (millions USD, constant prices, constant PPP, base year 2010)",ALL,All regions,2009,2009,,,0,Units,,,392.85,424.278,,
2,Large regions (TL2),ITI3,Marche,RD_EXP_TOT_PPP,"R&D Total Expenditure (millions USD, constant prices, constant PPP, base year 2010)",ALL,All regions,2010,2010,,,0,Units,,,417.98,451.4184,,
2,Large regions (TL2),ITI3,Marche,RD_EXP_TOT_PPP,"R&D Total Expenditure (millions USD, constant prices, constant PPP, base year 2010)",ALL,All regions,2011,2011,,,0,Units,,,412.85,445.878,,
2,Large regions (TL2),ITI4,Lazio,RD_EXP_TOT_PPP,"R&D Total Expenditure (millions USD, constant prices, constant PPP, base year 2010)",ALL,All regions,2000,2000,,,0,Units,,,3995.91,4315.5828,,
2,Large regions (TL2),ITI4,Lazio,RD_EXP_TOT_PPP,"R&D Total Expenditure (millions USD, constant prices, constant PPP, base year 2010)",ALL,All regions,2001,2001,,,0,Units,,,4283.07,4625.7156,,
2,Large regions (TL2),ITI4,Lazio,RD_EXP_TOT_PPP,"R&D Total Expenditure (millions USD, constant prices, constant PPP, base year 2010)",ALL,All regions,2002,2002,,,0,Units,,,4218.05,4555.494,,
2,Large regions (TL2),ITI4,Lazio,RD_EXP_TOT_PPP,"R&D Total Expenditure (millions USD, constant prices, constant PPP, base year 2010)",ALL,All regions,2003,2003,,,0,Units,,,4128.7,4458.996,,
2,Large regions (TL2),ITI4,Lazio,RD_EXP_TOT_PPP,"R&D Total Expenditure (millions USD, constant prices, constant PPP, base year 2010)",ALL,All regions,2004,2004,,,0,Units,,,4110.41,4439.2428,,
2,Large regions (TL2),ITI4,Lazio,RD_EXP_TOT_PPP,"R&D Total Expenditure (millions USD, constant prices, constant PPP, base year 2010)",ALL,All regions,2005,2005,,,0,Units,,,4235.69,4574.5452,,
2,Large regions (TL2),ITI4,Lazio,RD_EXP_TOT_PPP,"R&D Total Expenditure (millions USD, constant prices, constant PPP, base year 2010)",ALL,All regions,2006,2006,,,0,Units,,,4052,4376.16,,
2,Large regions (TL2),ITI4,Lazio,RD_EXP_TOT_PPP,"R&D Total Expenditure (millions USD, constant prices, constant PPP, base year 2010)",ALL,All regions,2007,2007,,,0,Units,,,3991.26,4310.5608,,
2,Large regions (TL2),ITI4,Lazio,RD_EXP_TOT_PPP,"R&D Total Expenditure (millions USD, constant prices, constant PPP, base year 2010)",ALL,All regions,2008,2008,,,0,Units,,,4233.21,4571.8668,,
2,Large regions (TL2),ITI4,Lazio,RD_EXP_TOT_PPP,"R&D Total Expenditure (millions USD, constant prices, constant PPP, base year 2010)",ALL,All regions,2009,2009,,,0,Units,,,4157.92,4490.5536,,
2,Large regions (TL2),ITI4,Lazio,RD_EXP_TOT_PPP,"R&D Total Expenditure (millions USD, constant prices, constant PPP, base year 2010)",ALL,All regions,2010,2010,,,0,Units,,,4099.27,4427.2116,,
2,Large regions (TL2),ITI4,Lazio,RD_EXP_TOT_PPP,"R&D Total Expenditure (millions USD, constant prices, constant PPP, base year 2010)",ALL,All regions,2011,2011,,,0,Units,,,3890.22,4201.4376,,
2,Large regions (TL2),ITC3,Liguria,RD_EXP_TOT_PPP,"R&D Total Expenditure (millions USD, constant prices, constant PPP, base year 2010)",ALL,All regions,2012,2012,,,0,Units,,,839.79,906.9732,,
2,Large regions (TL2),ITF5,Basilicata,RD_EXP_TOT_PPP,"R&D Total Expenditure (millions USD, constant prices, constant PPP, base year 2010)",ALL,All regions,2012,2012,,,0,Units,,,78.54,84.8232,,
2,Large regions (TL2),ITF6,Calabria,RD_EXP_TOT_PPP,"R&D Total Expenditure (millions USD, constant prices, constant PPP, base year 2010)",ALL,All regions,2012,2012,,,0,Units,,,226.28,244.3824,,
2,Large regions (TL2),ITC1,Piedmont,RD_EXP_TOT_PPP,"R&D Total Expenditure (millions USD, constant prices, constant PPP, base year 2010)",ALL,All regions,2013,2013,,,0,Units,,,3279.41,3541.7628,,
2,Large regions (TL2),ITC2,Aosta Valley,RD_EXP_TOT_PPP,"R&D Total Expenditure (millions USD, constant prices, constant PPP, base year 2010)",ALL,All regions,2013,2013,,,0,Units,,,24.52,26.4816,,
2,Large regions (TL2),ITC4,Lombardy,RD_EXP_TOT_PPP,"R&D Total Expenditure (millions USD, constant prices, constant PPP, base year 2010)",ALL,All regions,2013,2013,,,0,Units,,,5986.28,6465.1824,,
2,Large regions (TL2),ITF1,Abruzzo,RD_EXP_TOT_PPP,"R&D Total Expenditure (millions USD, constant prices, constant PPP, base year 2010)",ALL,All regions,2012,2012,,,0,Units,,,342.03,369.3924,,
2,Large regions (TL2),ITF2,Molise,RD_EXP_TOT_PPP,"R&D Total Expenditure (millions USD, constant prices, constant PPP, base year 2010)",ALL,All regions,2013,2013,,,0,Units,,,60.77,65.6316,,
2,Large regions (TL2),ITF3,Campania,RD_EXP_TOT_PPP,"R&D Total Expenditure (millions USD, constant prices, constant PPP, base year 2010)",ALL,All regions,2013,2013,,,0,Units,,,1715.51,1852.7508,,
2,Large regions (TL2),ITG1,Sicily,RD_EXP_TOT_PPP,"R&D Total Expenditure (millions USD, constant prices, constant PPP, base year 2010)",ALL,All regions,2012,2012,,,0,Units,,,992.74,1072.1592,,
2,Large regions (TL2),ITG2,Sardinia,RD_EXP_TOT_PPP,"R&D Total Expenditure (millions USD, constant prices, constant PPP, base year 2010)",ALL,All regions,2012,2012,,,0,Units,,,325.89,351.9612,,
2,Large regions (TL2),ITH1,Province of Bolzano-Bozen,RD_EXP_TOT_PPP,"R&D Total Expenditure (millions USD, constant prices, constant PPP, base year 2010)",ALL,All regions,2013,2013,,,0,Units,,,173.49,187.3692,,
2,Large regions (TL2),ITH3,Veneto,RD_EXP_TOT_PPP,"R&D Total Expenditure (millions USD, constant prices, constant PPP, base year 2010)",ALL,All regions,2012,2012,,,0,Units,,,2083.22,2249.8776,,
2,Large regions (TL2),ITH5,Emilia-Romagna,RD_EXP_TOT_PPP,"R&D Total Expenditure (millions USD, constant prices, constant PPP, base year 2010)",ALL,All regions,2012,2012,,,0,Units,,,3054.09,3298.4172,,
2,Large regions (TL2),ITI3,Marche,RD_EXP_TOT_PPP,"R&D Total Expenditure (millions USD, constant prices, constant PPP, base year 2010)",ALL,All regions,2013,2013,,,0,Units,,,423.83,457.7364,,
2,Large regions (TL2),ITH1,Province of Bolzano-Bozen,RD_EXP_TOT_PPP,"R&D Total Expenditure (millions USD, constant prices, constant PPP, base year 2010)",ALL,All regions,2012,2012,,,0,Units,,,151.34,163.4472,,
2,Large regions (TL2),ITH2,Province of Trento,RD_EXP_TOT_PPP,"R&D Total Expenditure (millions USD, constant prices, constant PPP, base year 2010)",ALL,All regions,2013,2013,,,0,Units,,,442.69,478.1052,,
2,Large regions (TL2),ITH4,Friuli-Venezia Giulia,RD_EXP_TOT_PPP,"R&D Total Expenditure (millions USD, constant prices, constant PPP, base year 2010)",ALL,All regions,2013,2013,,,0,Units,,,692.77,748.1916,,
2,Large regions (TL2),ITI1,Tuscany,RD_EXP_TOT_PPP,"R&D Total Expenditure (millions USD, constant prices, constant PPP, base year 2010)",ALL,All regions,2013,2013,,,0,Units,,,1796.05,1939.734,,
2,Large regions (TL2),ITI2,Umbria,RD_EXP_TOT_PPP,"R&D Total Expenditure (millions USD, constant prices, constant PPP, base year 2010)",ALL,All regions,2012,2012,,,0,Units,,,250.02,270.0216,,
2,Large regions (TL2),ITI3,Marche,RD_EXP_TOT_PPP,"R&D Total Expenditure (millions USD, constant prices, constant PPP, base year 2010)",ALL,All regions,2012,2012,,,0,Units,,,425.5,459.54,,
2,Large regions (TL2),ITC1,Piedmont,RD_EXP_TOT_PPP,"R&D Total Expenditure (millions USD, constant prices, constant PPP, base year 2010)",ALL,All regions,2012,2012,,,0,Units,,,3233.44,3492.1152,,
2,Large regions (TL2),ITC4,Lombardy,RD_EXP_TOT_PPP,"R&D Total Expenditure (millions USD, constant prices, constant PPP, base year 2010)",ALL,All regions,2012,2012,,,0,Units,,,6055.78,6540.2424,,
2,Large regions (TL2),ITF2,Molise,RD_EXP_TOT_PPP,"R&D Total Expenditure (millions USD, constant prices, constant PPP, base year 2010)",ALL,All regions,2012,2012,,,0,Units,,,37.6,40.608,,
2,Large regions (TL2),ITF4,Apulia,RD_EXP_TOT_PPP,"R&D Total Expenditure (millions USD, constant prices, constant PPP, base year 2010)",ALL,All regions,2013,2013,,,0,Units,,,764.75,825.93,,
2,Large regions (TL2),ITH4,Friuli-Venezia Giulia,RD_EXP_TOT_PPP,"R&D Total Expenditure (millions USD, constant prices, constant PPP, base year 2010)",ALL,All regions,2012,2012,,,0,Units,,,686.05,740.934,,
2,Large regions (TL2),ITI1,Tuscany,RD_EXP_TOT_PPP,"R&D Total Expenditure (millions USD, constant prices, constant PPP, base year 2010)",ALL,All regions,2012,2012,,,0,Units,,,1797.33,1941.1164,,
2,Large regions (TL2),ITI4,Lazio,RD_EXP_TOT_PPP,"R&D Total Expenditure (millions USD, constant prices, constant PPP, base year 2010)",ALL,All regions,2013,2013,,,0,Units,,,3950.82,4266.8856,,
2,Large regions (TL2),ITC2,Aosta Valley,RD_EXP_TOT_PPP,"R&D Total Expenditure (millions USD, constant prices, constant PPP, base year 2010)",ALL,All regions,2012,2012,,,0,Units,,,28.4,30.672,,
2,Large regions (TL2),ITC3,Liguria,RD_EXP_TOT_PPP,"R&D Total Expenditure (millions USD, constant prices, constant PPP, base year 2010)",ALL,All regions,2013,2013,,,0,Units,,,808.38,873.0504,,
2,Large regions (TL2),ITF1,Abruzzo,RD_EXP_TOT_PPP,"R&D Total Expenditure (millions USD, constant prices, constant PPP, base year 2010)",ALL,All regions,2013,2013,,,0,Units,,,357.52,386.1216,,
2,Large regions (TL2),ITF3,Campania,RD_EXP_TOT_PPP,"R&D Total Expenditure (millions USD, constant prices, constant PPP, base year 2010)",ALL,All regions,2012,2012,,,0,Units,,,1658.26,1790.9208,,
2,Large regions (TL2),ITF4,Apulia,RD_EXP_TOT_PPP,"R&D Total Expenditure (millions USD, constant prices, constant PPP, base year 2010)",ALL,All regions,2012,2012,,,0,Units,,,729.25,787.59,,
2,Large regions (TL2),ITF5,Basilicata,RD_EXP_TOT_PPP,"R&D Total Expenditure (millions USD, constant prices, constant PPP, base year 2010)",ALL,All regions,2013,2013,,,0,Units,,,80.81,87.2748,,
2,Large regions (TL2),ITF6,Calabria,RD_EXP_TOT_PPP,"R&D Total Expenditure (millions USD, constant prices, constant PPP, base year 2010)",ALL,All regions,2013,2013,,,0,Units,,,230.97,249.4476,,
2,Large regions (TL2),ITG1,Sicily,RD_EXP_TOT_PPP,"R&D Total Expenditure (millions USD, constant prices, constant PPP, base year 2010)",ALL,All regions,2013,2013,,,0,Units,,,1026.69,1108.8252,,
2,Large regions (TL2),ITG2,Sardinia,RD_EXP_TOT_PPP,"R&D Total Expenditure (millions USD, constant prices, constant PPP, base year 2010)",ALL,All regions,2013,2013,,,0,Units,,,331.95,358.506,,
2,Large regions (TL2),ITH2,Province of Trento,RD_EXP_TOT_PPP,"R&D Total Expenditure (millions USD, constant prices, constant PPP, base year 2010)",ALL,All regions,2012,2012,,,0,Units,,,435.77,470.6316,,
2,Large regions (TL2),ITH3,Veneto,RD_EXP_TOT_PPP,"R&D Total Expenditure (millions USD, constant prices, constant PPP, base year 2010)",ALL,All regions,2013,2013,,,0,Units,,,2171.77,2345.5116,,
2,Large regions (TL2),ITH5,Emilia-Romagna,RD_EXP_TOT_PPP,"R&D Total Expenditure (millions USD, constant prices, constant PPP, base year 2010)",ALL,All regions,2013,2013,,,0,Units,,,3107.77,3356.3916,,
2,Large regions (TL2),ITI2,Umbria,RD_EXP_TOT_PPP,"R&D Total Expenditure (millions USD, constant prices, constant PPP, base year 2010)",ALL,All regions,2013,2013,,,0,Units,,,235.19,254.0052,,
2,Large regions (TL2),ITI4,Lazio,RD_EXP_TOT_PPP,"R&D Total Expenditure (millions USD, constant prices, constant PPP, base year 2010)",ALL,All regions,2012,2012,,,0,Units,,,3907.35,4219.938,,
2,Large regions (TL2),ITC1,Piedmont,RD_EXP_TOT_PPP,"R&D Total Expenditure (millions USD, constant prices, constant PPP, base year 2010)",ALL,All regions,2014,2014,,,0,Units,,,3591.4,3878.712,E,Estimated value
2,Large regions (TL2),ITC2,Aosta Valley,RD_EXP_TOT_PPP,"R&D Total Expenditure (millions USD, constant prices, constant PPP, base year 2010)",ALL,All regions,2014,2014,,,0,Units,,,27.23,29.4084,E,Estimated value
2,Large regions (TL2),ITC3,Liguria,RD_EXP_TOT_PPP,"R&D Total Expenditure (millions USD, constant prices, constant PPP, base year 2010)",ALL,All regions,2014,2014,,,0,Units,,,841.7,909.036,E,Estimated value
2,Large regions (TL2),ITC4,Lombardy,RD_EXP_TOT_PPP,"R&D Total Expenditure (millions USD, constant prices, constant PPP, base year 2010)",ALL,All regions,2014,2014,,,0,Units,,,5930.58,6405.0264,E,Estimated value
2,Large regions (TL2),ITF1,Abruzzo,RD_EXP_TOT_PPP,"R&D Total Expenditure (millions USD, constant prices, constant PPP, base year 2010)",ALL,All regions,2014,2014,,,0,Units,,,393.65,425.142,E,Estimated value
2,Large regions (TL2),ITF2,Molise,RD_EXP_TOT_PPP,"R&D Total Expenditure (millions USD, constant prices, constant PPP, base year 2010)",ALL,All regions,2014,2014,,,0,Units,,,51.53,55.6524,E,Estimated value
2,Large regions (TL2),ITF3,Campania,RD_EXP_TOT_PPP,"R&D Total Expenditure (millions USD, constant prices, constant PPP, base year 2010)",ALL,All regions,2014,2014,,,0,Units,,,1656.07,1788.5556,E,Estimated value
2,Large regions (TL2),ITF4,Apulia,RD_EXP_TOT_PPP,"R&D Total Expenditure (millions USD, constant prices, constant PPP, base year 2010)",ALL,All regions,2014,2014,,,0,Units,,,909.52,982.2816,E,Estimated value
2,Large regions (TL2),ITF5,Basilicata,RD_EXP_TOT_PPP,"R&D Total Expenditure (millions USD, constant prices, constant PPP, base year 2010)",ALL,All regions,2014,2014,,,0,Units,,,82.8,89.424,E,Estimated value
2,Large regions (TL2),ITF6,Calabria,RD_EXP_TOT_PPP,"R&D Total Expenditure (millions USD, constant prices, constant PPP, base year 2010)",ALL,All regions,2014,2014,,,0,Units,,,332.33,358.9164,E,Estimated value
2,Large regions (TL2),ITG1,Sicily,RD_EXP_TOT_PPP,"R&D Total Expenditure (millions USD, constant prices, constant PPP, base year 2010)",ALL,All regions,2014,2014,,,0,Units,,,1189.44,1284.5952,E,Estimated value
2,Large regions (TL2),ITG2,Sardinia,RD_EXP_TOT_PPP,"R&D Total Expenditure (millions USD, constant prices, constant PPP, base year 2010)",ALL,All regions,2014,2014,,,0,Units,,,325.18,351.1944,E,Estimated value
2,Large regions (TL2),ITH1,Province of Bolzano-Bozen,RD_EXP_TOT_PPP,"R&D Total Expenditure (millions USD, constant prices, constant PPP, base year 2010)",ALL,All regions,2014,2014,,,0,Units,,,193.65,209.142,E,Estimated value
2,Large regions (TL2),ITH2,Province of Trento,RD_EXP_TOT_PPP,"R&D Total Expenditure (millions USD, constant prices, constant PPP, base year 2010)",ALL,All regions,2014,2014,,,0,Units,,,438.42,473.4936,E,Estimated value
2,Large regions (TL2),ITH3,Veneto,RD_EXP_TOT_PPP,"R&D Total Expenditure (millions USD, constant prices, constant PPP, base year 2010)",ALL,All regions,2014,2014,,,0,Units,,,2089.54,2256.7032,E,Estimated value
2,Large regions (TL2),ITH4,Friuli-Venezia Giulia,RD_EXP_TOT_PPP,"R&D Total Expenditure (millions USD, constant prices, constant PPP, base year 2010)",ALL,All regions,2014,2014,,,0,Units,,,713.59,770.6772,E,Estimated value
2,Large regions (TL2),ITH5,Emilia-Romagna,RD_EXP_TOT_PPP,"R&D Total Expenditure (millions USD, constant prices, constant PPP, base year 2010)",ALL,All regions,2014,2014,,,0,Units,,,3252.3,3512.484,E,Estimated value
2,Large regions (TL2),ITI1,Tuscany,RD_EXP_TOT_PPP,"R&D Total Expenditure (millions USD, constant prices, constant PPP, base year 2010)",ALL,All regions,2014,2014,,,0,Units,,,1845.03,1992.6324,E,Estimated value
2,Large regions (TL2),ITI2,Umbria,RD_EXP_TOT_PPP,"R&D Total Expenditure (millions USD, constant prices, constant PPP, base year 2010)",ALL,All regions,2014,2014,,,0,Units,,,262.07,283.0356,E,Estimated value
2,Large regions (TL2),ITI3,Marche,RD_EXP_TOT_PPP,"R&D Total Expenditure (millions USD, constant prices, constant PPP, base year 2010)",ALL,All regions,2014,2014,,,0,Units,,,454.18,490.5144,E,Estimated value
2,Large regions (TL2),ITI4,Lazio,RD_EXP_TOT_PPP,"R&D Total Expenditure (millions USD, constant prices, constant PPP, base year 2010)",ALL,All regions,2014,2014,,,0,Units,,,3874.23,4184.1684,E,Estimated value
2,Large regions (TL2),ITC1,Piedmont,RD_EXP_TOT_PPP,"R&D Total Expenditure (millions USD, constant prices, constant PPP, base year 2010)",ALL,All regions,2015,2015,,,0,Units,,,3558.84,3843.5472,,
2,Large regions (TL2),ITC2,Aosta Valley,RD_EXP_TOT_PPP,"R&D Total Expenditure (millions USD, constant prices, constant PPP, base year 2010)",ALL,All regions,2015,2015,,,0,Units,,,38.96,42.0768,,
2,Large regions (TL2),ITC3,Liguria,RD_EXP_TOT_PPP,"R&D Total Expenditure (millions USD, constant prices, constant PPP, base year 2010)",ALL,All regions,2015,2015,,,0,Units,,,896.05,967.734,,
2,Large regions (TL2),ITC4,Lombardy,RD_EXP_TOT_PPP,"R&D Total Expenditure (millions USD, constant prices, constant PPP, base year 2010)",ALL,All regions,2015,2015,,,0,Units,,,5881.48,6351.9984,,
2,Large regions (TL2),ITF1,Abruzzo,RD_EXP_TOT_PPP,"R&D Total Expenditure (millions USD, constant prices, constant PPP, base year 2010)",ALL,All regions,2015,2015,,,0,Units,,,388.03,419.0724,,
2,Large regions (TL2),ITF3,Campania,RD_EXP_TOT_PPP,"R&D Total Expenditure (millions USD, constant prices, constant PPP, base year 2010)",ALL,All regions,2015,2015,,,0,Units,,,1664.74,1797.9192,,
2,Large regions (TL2),ITF4,Apulia,RD_EXP_TOT_PPP,"R&D Total Expenditure (millions USD, constant prices, constant PPP, base year 2010)",ALL,All regions,2015,2015,,,0,Units,,,926.21,1000.3068,,
2,Large regions (TL2),ITF5,Basilicata,RD_EXP_TOT_PPP,"R&D Total Expenditure (millions USD, constant prices, constant PPP, base year 2010)",ALL,All regions,2015,2015,,,0,Units,,,98.24,106.0992,,
2,Large regions (TL2),ITF6,Calabria,RD_EXP_TOT_PPP,"R&D Total Expenditure (millions USD, constant prices, constant PPP, base year 2010)",ALL,All regions,2015,2015,,,0,Units,,,296.53,320.2524,,
2,Large regions (TL2),ITG1,Sicily,RD_EXP_TOT_PPP,"R&D Total Expenditure (millions USD, constant prices, constant PPP, base year 2010)",ALL,All regions,2015,2015,,,0,Units,,,1116.6,1205.928,,
2,Large regions (TL2),ITG2,Sardinia,RD_EXP_TOT_PPP,"R&D Total Expenditure (millions USD, constant prices, constant PPP, base year 2010)",ALL,All regions,2015,2015,,,0,Units,,,356.71,385.2468,,
2,Large regions (TL2),ITH1,Province of Bolzano-Bozen,RD_EXP_TOT_PPP,"R&D Total Expenditure (millions USD, constant prices, constant PPP, base year 2010)",ALL,All regions,2015,2015,,,0,Units,,,208.51,225.1908,,
2,Large regions (TL2),ITH2,Province of Trento,RD_EXP_TOT_PPP,"R&D Total Expenditure (millions USD, constant prices, constant PPP, base year 2010)",ALL,All regions,2015,2015,,,0,Units,,,433.34,468.0072,,
2,Large regions (TL2),ITH3,Veneto,RD_EXP_TOT_PPP,"R&D Total Expenditure (millions USD, constant prices, constant PPP, base year 2010)",ALL,All regions,2015,2015,,,0,Units,,,2168.75,2342.25,,
2,Large regions (TL2),ITH4,Friuli-Venezia Giulia,RD_EXP_TOT_PPP,"R&D Total Expenditure (millions USD, constant prices, constant PPP, base year 2010)",ALL,All regions,2015,2015,,,0,Units,,,733.74,792.4392,,
2,Large regions (TL2),ITH5,Emilia-Romagna,RD_EXP_TOT_PPP,"R&D Total Expenditure (millions USD, constant prices, constant PPP, base year 2010)",ALL,All regions,2015,2015,,,0,Units,,,3470.82,3748.4856,,
2,Large regions (TL2),ITI1,Tuscany,RD_EXP_TOT_PPP,"R&D Total Expenditure (millions USD, constant prices, constant PPP, base year 2010)",ALL,All regions,2015,2015,,,0,Units,,,1877.53,2027.7324,,
2,Large regions (TL2),ITI3,Marche,RD_EXP_TOT_PPP,"R&D Total Expenditure (millions USD, constant prices, constant PPP, base year 2010)",ALL,All regions,2015,2015,,,0,Units,,,443.69,479.1852,,
2,Large regions (TL2),ITI4,Lazio,RD_EXP_TOT_PPP,"R&D Total Expenditure (millions USD, constant prices, constant PPP, base year 2010)",ALL,All regions,2015,2015,,,0,Units,,,3773.69,4075.5852,,
2,Large regions (TL2),ITC1,Piedmont,RD_EXP_TOT_PPP,"R&D Total Expenditure (millions USD, constant prices, constant PPP, base year 2010)",ALL,All regions,2016,2016,,,0,Units,,,3665.86,3959.1288,B,Break
2,Large regions (TL2),ITC2,Aosta Valley,RD_EXP_TOT_PPP,"R&D Total Expenditure (millions USD, constant prices, constant PPP, base year 2010)",ALL,All regions,2016,2016,,,0,Units,,,33.67,36.3636,B,Break
2,Large regions (TL2),ITC3,Liguria,RD_EXP_TOT_PPP,"R&D Total Expenditure (millions USD, constant prices, constant PPP, base year 2010)",ALL,All regions,2016,2016,,,0,Units,,,958.53,1035.2124,B,Break
2,Large regions (TL2),ITC4,Lombardy,RD_EXP_TOT_PPP,"R&D Total Expenditure (millions USD, constant prices, constant PPP, base year 2010)",ALL,All regions,2016,2016,,,0,Units,,,6088.47,6575.5476,B,Break
2,Large regions (TL2),ITF1,Abruzzo,RD_EXP_TOT_PPP,"R&D Total Expenditure (millions USD, constant prices, constant PPP, base year 2010)",ALL,All regions,2016,2016,,,0,Units,,,411.36,444.2688,B,Break
2,Large regions (TL2),ITF3,Campania,RD_EXP_TOT_PPP,"R&D Total Expenditure (millions USD, constant prices, constant PPP, base year 2010)",ALL,All regions,2016,2016,,,0,Units,,,1628,1758.24,B,Break
2,Large regions (TL2),ITF4,Apulia,RD_EXP_TOT_PPP,"R&D Total Expenditure (millions USD, constant prices, constant PPP, base year 2010)",ALL,All regions,2016,2016,,,0,Units,,,775.76,837.8208,B,Break
2,Large regions (TL2),ITF6,Calabria,RD_EXP_TOT_PPP,"R&D Total Expenditure (millions USD, constant prices, constant PPP, base year 2010)",ALL,All regions,2016,2016,,,0,Units,,,239.21,258.3468,B,Break
2,Large regions (TL2),ITG1,Sicily,RD_EXP_TOT_PPP,"R&D Total Expenditure (millions USD, constant prices, constant PPP, base year 2010)",ALL,All regions,2016,2016,,,0,Units,,,879.28,949.6224,B,Break
2,Large regions (TL2),ITG2,Sardinia,RD_EXP_TOT_PPP,"R&D Total Expenditure (millions USD, constant prices, constant PPP, base year 2010)",ALL,All regions,2016,2016,,,0,Units,,,360.28,389.1024,B,Break
2,Large regions (TL2),ITH1,Province of Bolzano-Bozen,RD_EXP_TOT_PPP,"R&D Total Expenditure (millions USD, constant prices, constant PPP, base year 2010)",ALL,All regions,2016,2016,,,0,Units,,,193.21,208.6668,B,Break
2,Large regions (TL2),ITH2,Province of Trento,RD_EXP_TOT_PPP,"R&D Total Expenditure (millions USD, constant prices, constant PPP, base year 2010)",ALL,All regions,2016,2016,,,0,Units,,,376.98,407.1384,B,Break
2,Large regions (TL2),ITH3,Veneto,RD_EXP_TOT_PPP,"R&D Total Expenditure (millions USD, constant prices, constant PPP, base year 2010)",ALL,All regions,2016,2016,,,0,Units,,,2545.69,2749.3452,B,Break
2,Large regions (TL2),ITH4,Friuli-Venezia Giulia,RD_EXP_TOT_PPP,"R&D Total Expenditure (millions USD, constant prices, constant PPP, base year 2010)",ALL,All regions,2016,2016,,,0,Units,,,744.11,803.6388,B,Break
2,Large regions (TL2),ITH5,Emilia-Romagna,RD_EXP_TOT_PPP,"R&D Total Expenditure (millions USD, constant prices, constant PPP, base year 2010)",ALL,All regions,2016,2016,,,0,Units,,,3868.55,4178.034,B,Break
2,Large regions (TL2),ITI1,Tuscany,RD_EXP_TOT_PPP,"R&D Total Expenditure (millions USD, constant prices, constant PPP, base year 2010)",ALL,All regions,2016,2016,,,0,Units,,,1892.31,2043.6948,B,Break
2,Large regions (TL2),ITI3,Marche,RD_EXP_TOT_PPP,"R&D Total Expenditure (millions USD, constant prices, constant PPP, base year 2010)",ALL,All regions,2016,2016,,,0,Units,,,536.15,579.042,B,Break
2,Large regions (TL2),ITI4,Lazio,RD_EXP_TOT_PPP,"R&D Total Expenditure (millions USD, constant prices, constant PPP, base year 2010)",ALL,All regions,2016,2016,,,0,Units,,,4002.16,4322.3328,B,Break
2,Large regions (TL2),ITC1,Piedmont,RD_EXP_TOT_PPP,"R&D Total Expenditure (millions USD, constant prices, constant PPP, base year 2010)",ALL,All regions,2017,2017,,,0,Units,,,3527.78,3810.0024,,
2,Large regions (TL2),ITC1,Piedmont,RD_EXP_TOT_PPP,"R&D Total Expenditure (millions USD, constant prices, constant PPP, base year 2010)",ALL,All regions,2018,2018,,,0,Units,,,3763.97,4065.0876,,
2,Large regions (TL2),ITC2,Aosta Valley,RD_EXP_TOT_PPP,"R&D Total Expenditure (millions USD, constant prices, constant PPP, base year 2010)",ALL,All regions,2017,2017,,,0,Units,,,31.58,34.1064,,
2,Large regions (TL2),ITC2,Aosta Valley,RD_EXP_TOT_PPP,"R&D Total Expenditure (millions USD, constant prices, constant PPP, base year 2010)",ALL,All regions,2018,2018,,,0,Units,,,29.8,32.184,,
2,Large regions (TL2),ITC3,Liguria,RD_EXP_TOT_PPP,"R&D Total Expenditure (millions USD, constant prices, constant PPP, base year 2010)",ALL,All regions,2017,2017,,,0,Units,,,880.29,950.7132,,
2,Large regions (TL2),ITC3,Liguria,RD_EXP_TOT_PPP,"R&D Total Expenditure (millions USD, constant prices, constant PPP, base year 2010)",ALL,All regions,2018,2018,,,0,Units,,,847.57,915.3756,,
2,Large regions (TL2),ITC4,Lombardy,RD_EXP_TOT_PPP,"R&D Total Expenditure (millions USD, constant prices, constant PPP, base year 2010)",ALL,All regions,2017,2017,,,0,Units,,,6233.47,6732.1476,,
2,Large regions (TL2),ITC4,Lombardy,RD_EXP_TOT_PPP,"R&D Total Expenditure (millions USD, constant prices, constant PPP, base year 2010)",ALL,All regions,2018,2018,,,0,Units,,,6562.02,7086.9816,,
2,Large regions (TL2),ITF1,Abruzzo,RD_EXP_TOT_PPP,"R&D Total Expenditure (millions USD, constant prices, constant PPP, base year 2010)",ALL,All regions,2017,2017,,,0,Units,,,402.61,434.8188,,
2,Large regions (TL2),ITF1,Abruzzo,RD_EXP_TOT_PPP,"R&D Total Expenditure (millions USD, constant prices, constant PPP, base year 2010)",ALL,All regions,2018,2018,,,0,Units,,,386.96,417.9168,,
2,Large regions (TL2),ITF2,Molise,RD_EXP_TOT_PPP,"R&D Total Expenditure (millions USD, constant prices, constant PPP, base year 2010)",ALL,All regions,2017,2017,,,0,Units,,,87.66,94.6728,,
2,Large regions (TL2),ITF2,Molise,RD_EXP_TOT_PPP,"R&D Total Expenditure (millions USD, constant prices, constant PPP, base year 2010)",ALL,All regions,2018,2018,,,0,Units,,,102.77,110.9916,,
2,Large regions (TL2),ITF3,Campania,RD_EXP_TOT_PPP,"R&D Total Expenditure (millions USD, constant prices, constant PPP, base year 2010)",ALL,All regions,2017,2017,,,0,Units,,,1683.25,1817.91,,
2,Large regions (TL2),ITF3,Campania,RD_EXP_TOT_PPP,"R&D Total Expenditure (millions USD, constant prices, constant PPP, base year 2010)",ALL,All regions,2018,2018,,,0,Units,,,1768.92,1910.4336,,
2,Large regions (TL2),ITF4,Apulia,RD_EXP_TOT_PPP,"R&D Total Expenditure (millions USD, constant prices, constant PPP, base year 2010)",ALL,All regions,2017,2017,,,0,Units,,,736.58,795.5064,,
2,Large regions (TL2),ITF4,Apulia,RD_EXP_TOT_PPP,"R&D Total Expenditure (millions USD, constant prices, constant PPP, base year 2010)",ALL,All regions,2018,2018,,,0,Units,,,749.12,809.0496,,
2,Large regions (TL2),ITF5,Basilicata,RD_EXP_TOT_PPP,"R&D Total Expenditure (millions USD, constant prices, constant PPP, base year 2010)",ALL,All regions,2017,2017,,,0,Units,,,102.67,110.8836,,
2,Large regions (TL2),ITF5,Basilicata,RD_EXP_TOT_PPP,"R&D Total Expenditure (millions USD, constant prices, constant PPP, base year 2010)",ALL,All regions,2018,2018,,,0,Units,,,99.8,107.784,,
2,Large regions (TL2),ITF6,Calabria,RD_EXP_TOT_PPP,"R&D Total Expenditure (millions USD, constant prices, constant PPP, base year 2010)",ALL,All regions,2017,2017,,,0,Units,,,220.19,237.8052,,
2,Large regions (TL2),ITF6,Calabria,RD_EXP_TOT_PPP,"R&D Total Expenditure (millions USD, constant prices, constant PPP, base year 2010)",ALL,All regions,2018,2018,,,0,Units,,,226.53,244.6524,,
2,Large regions (TL2),ITG1,Sicily,RD_EXP_TOT_PPP,"R&D Total Expenditure (millions USD, constant prices, constant PPP, base year 2010)",ALL,All regions,2017,2017,,,0,Units,,,856.39,924.9012,,
2,Large regions (TL2),ITG1,Sicily,RD_EXP_TOT_PPP,"R&D Total Expenditure (millions USD, constant prices, constant PPP, base year 2010)",ALL,All regions,2018,2018,,,0,Units,,,926.26,1000.3608,,
2,Large regions (TL2),ITG2,Sardinia,RD_EXP_TOT_PPP,"R&D Total Expenditure (millions USD, constant prices, constant PPP, base year 2010)",ALL,All regions,2017,2017,,,0,Units,,,332.67,359.2836,,
2,Large regions (TL2),ITG2,Sardinia,RD_EXP_TOT_PPP,"R&D Total Expenditure (millions USD, constant prices, constant PPP, base year 2010)",ALL,All regions,2018,2018,,,0,Units,,,353.25,381.51,,
2,Large regions (TL2),ITH1,Province of Bolzano-Bozen,RD_EXP_TOT_PPP,"R&D Total Expenditure (millions USD, constant prices, constant PPP, base year 2010)",ALL,All regions,2017,2017,,,0,Units,,,207.96,224.5968,,
2,Large regions (TL2),ITH1,Province of Bolzano-Bozen,RD_EXP_TOT_PPP,"R&D Total Expenditure (millions USD, constant prices, constant PPP, base year 2010)",ALL,All regions,2018,2018,,,0,Units,,,261.82,282.7656,,
2,Large regions (TL2),ITH2,Province of Trento,RD_EXP_TOT_PPP,"R&D Total Expenditure (millions USD, constant prices, constant PPP, base year 2010)",ALL,All regions,2017,2017,,,0,Units,,,386.36,417.2688,,
2,Large regions (TL2),ITH2,Province of Trento,RD_EXP_TOT_PPP,"R&D Total Expenditure (millions USD, constant prices, constant PPP, base year 2010)",ALL,All regions,2018,2018,,,0,Units,,,405.1,437.508,,
2,Large regions (TL2),ITH3,Veneto,RD_EXP_TOT_PPP,"R&D Total Expenditure (millions USD, constant prices, constant PPP, base year 2010)",ALL,All regions,2017,2017,,,0,Units,,,2677.92,2892.1536,,
2,Large regions (TL2),ITH3,Veneto,RD_EXP_TOT_PPP,"R&D Total Expenditure (millions USD, constant prices, constant PPP, base year 2010)",ALL,All regions,2018,2018,,,0,Units,,,2851.68,3079.8144,,
2,Large regions (TL2),ITH4,Friuli-Venezia Giulia,RD_EXP_TOT_PPP,"R&D Total Expenditure (millions USD, constant prices, constant PPP, base year 2010)",ALL,All regions,2017,2017,,,0,Units,,,744.69,804.2652,,
2,Large regions (TL2),ITH4,Friuli-Venezia Giulia,RD_EXP_TOT_PPP,"R&D Total Expenditure (millions USD, constant prices, constant PPP, base year 2010)",ALL,All regions,2018,2018,,,0,Units,,,799.69,863.6652,,
2,Large regions (TL2),ITH5,Emilia-Romagna,RD_EXP_TOT_PPP,"R&D Total Expenditure (millions USD, constant prices, constant PPP, base year 2010)",ALL,All regions,2017,2017,,,0,Units,,,3965.93,4283.2044,,
2,Large regions (TL2),ITH5,Emilia-Romagna,RD_EXP_TOT_PPP,"R&D Total Expenditure (millions USD, constant prices, constant PPP, base year 2010)",ALL,All regions,2018,2018,,,0,Units,,,4131.27,4461.7716,,
2,Large regions (TL2),ITI1,Tuscany,RD_EXP_TOT_PPP,"R&D Total Expenditure (millions USD, constant prices, constant PPP, base year 2010)",ALL,All regions,2017,2017,,,0,Units,,,2117.73,2287.1484,,
2,Large regions (TL2),ITI1,Tuscany,RD_EXP_TOT_PPP,"R&D Total Expenditure (millions USD, constant prices, constant PPP, base year 2010)",ALL,All regions,2018,2018,,,0,Units,,,2303.14,2487.3912,,
2,Large regions (TL2),ITI2,Umbria,RD_EXP_TOT_PPP,"R&D Total Expenditure (millions USD, constant prices, constant PPP, base year 2010)",ALL,All regions,2017,2017,,,0,Units,,,272.66,294.4728,,
2,Large regions (TL2),ITI2,Umbria,RD_EXP_TOT_PPP,"R&D Total Expenditure (millions USD, constant prices, constant PPP, base year 2010)",ALL,All regions,2018,2018,,,0,Units,,,291.18,314.4744,,
2,Large regions (TL2),ITI3,Marche,RD_EXP_TOT_PPP,"R&D Total Expenditure (millions USD, constant prices, constant PPP, base year 2010)",ALL,All regions,2017,2017,,,0,Units,,,581.11,627.5988,,
2,Large regions (TL2),ITI3,Marche,RD_EXP_TOT_PPP,"R&D Total Expenditure (millions USD, constant prices, constant PPP, base year 2010)",ALL,All regions,2018,2018,,,0,Units,,,577.08,623.2464,,
2,Large regions (TL2),ITI4,Lazio,RD_EXP_TOT_PPP,"R&D Total Expenditure (millions USD, constant prices, constant PPP, base year 2010)",ALL,All regions,2017,2017,,,0,Units,,,4191.94,4527.2952,,
2,Large regions (TL2),ITI4,Lazio,RD_EXP_TOT_PPP,"R&D Total Expenditure (millions USD, constant prices, constant PPP, base year 2010)",ALL,All regions,2018,2018,,,0,Units,,,4352.7,4700.916,,